Way Bill No,Waybill Date,Booking Branch,Collection At,Delivery at,,,Via location,Consigner Name,Consignee Name,,Pay Mode,Package Type,,Said to Contain,Invoice No,Value,No of PKGs,Actual Wt,Charge Wt.,Freight,Billing Party,Billing Location,TUR No,TUR Date,GDM No,LHS No,Remark,Special Remark
2753510,12/04/2020,BHIWANDI,BHIWANDI      ,KONGAON I,,,BHIWANDI,SC JOHNSON PRODUCT PRIVATE LIMITED - BHIWANDI,MAHADEV AGENCIES,,TBB,Cartons,,E GOODS,BHIIN0004240,1627082,264,3084,3337,30150.16,SC JOHNSON PRODUCT PRIVATE LIMITED - BHIWANDI,,0,5/26/2020 1:09:40 PM,,,,
2753511,01/04/2020,BHIWANDI,BHIWANDI,KHOPAT IND EST,,,BHIWANDI,SC JOHNSON PRODUCT PRIVATE LIMITED - BHIWANDI,KRISHNA DISTRIBUTORS,,TBB,Cartons,,S GOODS,BHIN0004243,249590,36,546,546,5067.18,SC JOHNSON PRODUCT PRIVATE LIMITED - BHIWANDI,,0,5/26/2020 1:09:40 PM,,,,
2753512,01/04/2020,BHIWANDI,BHIWANDI,THANE,,,BHIWANDI,SC JOHNSON PRODUCT PRIVATE LIMITED - BHIWANDI,PERFECT DISTRIBUTORS,,TBB,Cartons,,S GOODS,BHIN0004251,296284,91,736,736,6680.57,SC JOHNSON PRODUCT PRIVATE LIMITED - BHIWANDI,,0,5/26/2020 1:09:40 PM,,,,
2753513,02/04/2020,BHIWANDI,BHIWANDI      ,BHANDUP WEST     ,,,BHANDUP,SC JOHNSON PRODUCT PRIVATE LIMITED - BHIWANDI,METRO CASH AND CARRY BHANDUP,,TBB,Cartons,,S GOODS,BHIN0004253/442/4254/4255/4256,77027,13,134,134,1426.05,SC JOHNSON PRODUCT PRIVATE LIMITED - BHIWANDI,,0,5/26/2020 1:09:40 PM,19BHD0007154,16BHD1703145,,
2753514,01/04/2020,BHIWANDI,BHIWANDI      ,Navi Mumbai,,,BHIWANDI,SC JOHNSON PRODUCT PRIVATE LIMITED - BHIWANDI,JALARAM & SONS  VASHI,,TBB,Cartons,,S GOODS,BHIN0004246,256249,28,448,448,4296.5,SC JOHNSON PRODUCT PRIVATE LIMITED - BHIWANDI,,0,5/26/2020 1:09:40 PM,,,,
2753515,01/04/2020,BHIWANDI,BHIWANDI,COTTON GREEN,,,BHANDUP,SC JOHNSON PRODUCT PRIVATE LIMITED - BHIWANDI,SHREE MAHAVEER DISTRIBUTORS MAZGAON,,TBB,Cartons,,S GOODS,BHIN0004248,393361,67,1046,1046,9354.72,SC JOHNSON PRODUCT PRIVATE LIMITED - BHIWANDI,,0,5/26/2020 1:09:40 PM,19BHD0007154,16BHD1703145,,
2753516,01/04/2020,BHIWANDI,BHIWANDI      ,GREATER MUMBAI,,,BHANDUP,SC JOHNSON PRODUCT PRIVATE LIMITED - BHIWANDI,N.R ENTERPRISES,,TBB,Cartons,,S GOODS,BHIN0004250,354379,80,1051,1051,9316.76,SC JOHNSON PRODUCT PRIVATE LIMITED - BHIWANDI,,0,5/26/2020 1:09:40 PM,19BHD0007154,16BHD1703145,,
2753517,01/04/2020,BHIWANDI,BHIWANDI      ,BHIWANDI      ,,,BHIWANDI,SC JOHNSON PRODUCT PRIVATE LIMITED - BHIWANDI,SHREE SWASTIK ENTERPRISES,,TBB,Cartons,,S GOODS,BHIN0004244,73247,6,98,98,1130.49,SC JOHNSON PRODUCT PRIVATE LIMITED - BHIWANDI,,0,5/26/2020 1:09:40 PM,,,,
2753518,01/04/2020,BHIWANDI,BHIWANDI      ,BORIVALI,,,BHANDUP,SC JOHNSON PRODUCT PRIVATE LIMITED - BHIWANDI,METRO CASH  AND CARRY PVT LTD,,TBB,Cartons,,S GOODS,BHIN000002,8038,3,18,18,716.08,SC JOHNSON PRODUCT PRIVATE LIMITED - BHIWANDI,,0,5/26/2020 1:09:40 PM,19BHD0007154,16BHD1703145,,
2753519,01/04/2020,BHIWANDI,BHIWANDI      ,BORIVALI      ,,,BHANDUP,SC JOHNSON PRODUCT PRIVATE LIMITED - BHIWANDI,METRO CASH  AND CARRY PVT LTD,,TBB,Cartons,,S GOODS,BHIN0000001,35352,19,31,31,518.7,SC JOHNSON PRODUCT PRIVATE LIMITED - BHIWANDI,,0,5/26/2020 1:09:40 PM,19BHD0007154,16BHD1703145,,
2753520,08/04/2020,BHIWANDI,BHIWANDI      ,PIMPRI,,,WAGHOLI,SC JOHNSON PRODUCT PRIVATE LIMITED - BHIWANDI,VISHNU DISTRIBUTERS PUNE,,TBB,Cartons,,E GOODS,BHIIN000031,268821,23,340,366,3665.64,SC JOHNSON PRODUCT PRIVATE LIMITED - BHIWANDI,,0,5/26/2020 1:09:40 PM,,,,
2753521,08/04/2020,BHIWANDI,BHIWANDI      ,PIMPRI,,,WAGHOLI,SC JOHNSON PRODUCT PRIVATE LIMITED - BHIWANDI,RATAN TRADERS PUNE,,TBB,Cartons,,E GOODS,BHIIN000030,326712,38,567,607,5709.42,SC JOHNSON PRODUCT PRIVATE LIMITED - BHIWANDI,,0,5/26/2020 1:09:40 PM,,,,
2753522,08/04/2020,BHIWANDI,BHIWANDI      ,TALEGAON,,,WAGHOLI,SC JOHNSON PRODUCT PRIVATE LIMITED - BHIWANDI,PRANAV ENTERPRISES,,TBB,Cartons,,E GOODS,BHIIN0004247,52156,7,97,103,1128.31,SC JOHNSON PRODUCT PRIVATE LIMITED - BHIWANDI,,0,5/26/2020 1:09:40 PM,,,,
2753523,08/04/2020,BHIWANDI,BHIWANDI      ,BHIWANDI,,,BHIWANDI,SC JOHNSON PRODUCT PRIVATE LIMITED - BHIWANDI,TRENT HYPERMARKET PVT LTD (SC JOHNSON),,TBB,Cartons,,E GOOD,BHIIN000036/35/34/33,88875,18,274,294,2729.75,SC JOHNSON PRODUCT PRIVATE LIMITED - BHIWANDI,,0,5/26/2020 1:09:40 PM,,,,
2753524,08/04/2020,BHIWANDI,BHIWANDI      ,BHIWANDI,,,BHIWANDI,SC JOHNSON PRODUCT PRIVATE LIMITED - BHIWANDI,TRENT HYPERMARKET PVT LTD (SC JOHNSON),,TBB,Cartons,,E GOODS,BHIIN000032,50483,4,52,56,748.97,SC JOHNSON PRODUCT PRIVATE LIMITED - BHIWANDI,,0,5/26/2020 1:09:40 PM,,,,
2753525,09/04/2020,BHIWANDI,BHIWANDI      ,ANDHERI,,,BHANDUP,SC JOHNSON PRODUCT PRIVATE LIMITED - BHIWANDI,SHRI SAI ARIHANT DISTRIBUTOR,,TBB,Cartons,,E GOODS,BHIIN000043,331132,82,1164,1251,10870.26,SC JOHNSON PRODUCT PRIVATE LIMITED - BHIWANDI,,0,5/26/2020 1:09:40 PM,19BHD0007154,16BHD1703145,,
2753526,09/04/2020,BHIWANDI,BHIWANDI      ,MALAD,,,BHANDUP,SC JOHNSON PRODUCT PRIVATE LIMITED - BHIWANDI,UMIYA SALES,,TBB,Cartons,,E GOODS,BHIIN000044,298852,35,481,519,4949.7,SC JOHNSON PRODUCT PRIVATE LIMITED - BHIWANDI,,0,5/26/2020 1:09:40 PM,19BHD0007154,16BHD1703145,,
2753527,09/04/2020,BHIWANDI,BHIWANDI      ,MALAD EAST     ,,,BHANDUP,SC JOHNSON PRODUCT PRIVATE LIMITED - BHIWANDI,UMIYA SALES,,TBB,Cartons,,E GOODS,BHIIN000045,16831,1,15,20,733.66,SC JOHNSON PRODUCT PRIVATE LIMITED - BHIWANDI,,0,5/26/2020 1:09:40 PM,19BHD0007154,16BHD1703145,,
2753528,09/04/2020,BHIWANDI,BHIWANDI      ,ANDHERI,,,BHANDUP,SC JOHNSON PRODUCT PRIVATE LIMITED - BHIWANDI,SHRI SAI ARIHANT DISTRIBUTOR,,TBB,Cartons,,E GOODS,BHIIN000042,33662,2,31,33,531.32,SC JOHNSON PRODUCT PRIVATE LIMITED - BHIWANDI,,0,5/26/2020 1:09:40 PM,19BHD0007154,16BHD1703145,,
2753529,09/04/2020,BHIWANDI,BHIWANDI      ,BOISAR      ,,,BHIWANDI,SC JOHNSON PRODUCT PRIVATE LIMITED - BHIWANDI,JAI MAA KALI ENTERPRISES,,TBB,Cartons,,E GOODS,BHIIN0000046,25761,8,58,63,755.52,SC JOHNSON PRODUCT PRIVATE LIMITED - BHIWANDI,,0,5/26/2020 1:09:40 PM,,,,
2753530,09/04/2020,BHIWANDI,BHIWANDI      ,GHTKOPER,,,BHANDUP,SC JOHNSON PRODUCT PRIVATE LIMITED - BHIWANDI,N R ENTERPRISES,,TBB,Cartons,,E GOODS,BHIIN0000022,54812,7,89,97,1085.62,SC JOHNSON PRODUCT PRIVATE LIMITED - BHIWANDI,,0,5/26/2020 1:09:40 PM,19BHD0007154,16BHD1703145,,
2753531,09/04/2020,BHIWANDI,BHIWANDI      ,MUMBAI,,,BHANDUP,SC JOHNSON PRODUCT PRIVATE LIMITED - BHIWANDI,N R ENTERPRISES,,TBB,Cartons,,E GOODS,BHIIN0000052,95889,17,231,250,2391.78,SC JOHNSON PRODUCT PRIVATE LIMITED - BHIWANDI,,0,5/26/2020 1:09:40 PM,19BHD0007154,16BHD1703145,,
2753532,09/04/2020,BHIWANDI,BHIWANDI      ,DOMBIVALI CITY,,,BHIWANDI,SC JOHNSON PRODUCT PRIVATE LIMITED - BHIWANDI,SEFALI DISTRIBUTORS,,TBB,Cartons,,E GOODS,BHIIN0000038,125818,12,175,188,1955.64,SC JOHNSON PRODUCT PRIVATE LIMITED - BHIWANDI,,0,5/26/2020 1:09:40 PM,,,,
2753533,10/04/2020,BHIWANDI,BHIWANDI      ,MALAD EAST     ,,,BHANDUP,SC JOHNSON PRODUCT PRIVATE LIMITED - BHIWANDI,UMIYA SALES,,TBB,Cartons,,E GOODS,BHIIN0000053,69662,40,518,557,4795.32,SC JOHNSON PRODUCT PRIVATE LIMITED - BHIWANDI,,0,5/26/2020 1:09:40 PM,19BHD0007154,16BHD1703145,,
2753534,10/04/2020,BHIWANDI,BHIWANDI      ,WAGHOLI,,,WAGHOLI,SC JOHNSON PRODUCT PRIVATE LIMITED - BHIWANDI,MORE RETAIL LTD.,,TBB,Cartons,,E GOODS,BHIIN0000050,19676,4,58,61,727.35,SC JOHNSON PRODUCT PRIVATE LIMITED - BHIWANDI,,0,5/26/2020 1:09:40 PM,19BHD0007140,16BHD1703137,,
2753535,10/04/2020,BHIWANDI,BHIWANDI      ,MALAD,,,BHANDUP,SC JOHNSON PRODUCT PRIVATE LIMITED - BHIWANDI,UMIYA SALES,,TBB,Cartons,,E GOODS,BHIIN0000060,440630,128,1544,1662,14377.26,SC JOHNSON PRODUCT PRIVATE LIMITED - BHIWANDI,,0,5/26/2020 1:09:40 PM,19BHD0007154,16BHD1703145,,
2753536,10/04/2020,BHIWANDI,BHIWANDI      ,WAGHOLI,,,WAGHOLI,SC JOHNSON PRODUCT PRIVATE LIMITED - BHIWANDI,MORE RETAIL LTD.,,TBB,Cartons,,E GOODS,BHIIN0000049,65514,43,652,692,5867.03,SC JOHNSON PRODUCT PRIVATE LIMITED - BHIWANDI,,0,5/26/2020 1:09:40 PM,19BHD0007140,16BHD1703137,,
2753537,10/04/2020,BHIWANDI,BHIWANDI      ,WAGHOLI,,,WAGHOLI,SC JOHNSON PRODUCT PRIVATE LIMITED - BHIWANDI,MORE RETAIL LTD.,,TBB,Cartons,,E GOODS,BHIIN0000051,145881,38,158,178,1915.76,SC JOHNSON PRODUCT PRIVATE LIMITED - BHIWANDI,,0,5/26/2020 1:09:40 PM,19BHD0007140,16BHD1703137,,
2753538,10/04/2020,BHIWANDI,BHIWANDI      ,PUNE,,,WAGHOLI,SC JOHNSON PRODUCT PRIVATE LIMITED - BHIWANDI,RELIANCE RETAIL LIMITED PUNE,,TBB,Cartons,,E GOODS,BHIIN0000058,388698,44,622,633,6041.4,SC JOHNSON PRODUCT PRIVATE LIMITED - BHIWANDI,,0,5/26/2020 1:09:40 PM,19BHD0007140,16BHD1703137,,
2753539,10/04/2020,BHIWANDI,BHIWANDI      ,PUNE,,,WAGHOLI,SC JOHNSON PRODUCT PRIVATE LIMITED - BHIWANDI,ROHITS SUPPLY AND LOGISTICS,,TBB,Cartons,,E GOODS,BHIIN0000063,483682,113,1033,1116,10095.36,SC JOHNSON PRODUCT PRIVATE LIMITED - BHIWANDI,,0,5/26/2020 1:09:40 PM,19BHD0007140,16BHD1703137,,
2753540,21/04/2020,BHIWANDI,BHIWANDI      ,NASHIK,,,NASHIK,SC JOHNSON PRODUCT PRIVATE LIMITED - BHIWANDI,METRO CASH & CARRY INDIA PVT LTD NASHIK,,TBB,Cartons,,ELECTRONIC GOODS,BHIIN0000155,4631,1,13,14,709.26,SC JOHNSON PRODUCT PRIVATE LIMITED - BHIWANDI,,0,5/26/2020 1:09:40 PM,19BHD0007155,16BHD1703146,,
2753541,21/04/2020,BHIWANDI,BHIWANDI      ,NASHIK,,,NASHIK,SC JOHNSON PRODUCT PRIVATE LIMITED - BHIWANDI,METRO CASH & CARRY INDIA PVT LTD NASHIK,,TBB,Cartons,,ELECTRONIC GOODS,BHIIN0000164,2655,2,31,33,469.31,SC JOHNSON PRODUCT PRIVATE LIMITED - BHIWANDI,,0,5/26/2020 1:09:40 PM,19BHD0007155,16BHD1703146,,
2753542,21/04/2020,BHIWANDI,BHIWANDI      ,NASHIK,,,NASHIK,SC JOHNSON PRODUCT PRIVATE LIMITED - BHIWANDI,METRO CASH & CARRY INDIA PVT LTD NASHIK,,TBB,Cartons,,ELECTRONIC GOODS,BHIIN0000162,66638,5,76,81,981.28,SC JOHNSON PRODUCT PRIVATE LIMITED - BHIWANDI,,0,5/26/2020 1:09:40 PM,19BHD0007155,16BHD1703146,,
2753543,21/04/2020,BHIWANDI,BHIWANDI      ,NASHIK,,,NASHIK,SC JOHNSON PRODUCT PRIVATE LIMITED - BHIWANDI,METRO CASH & CARRY INDIA PVT LTD NASHIK,,TBB,Cartons,,ELECTRONIC GOODS,BHIIN0000154,345412,35,494,529,5122.82,SC JOHNSON PRODUCT PRIVATE LIMITED - BHIWANDI,,0,5/26/2020 1:09:40 PM,19BHD0007155,16BHD1703146,,
2753544,21/04/2020,BHIWANDI,BHIWANDI      ,NASHIK,,,NASHIK,SC JOHNSON PRODUCT PRIVATE LIMITED - BHIWANDI,TRUPTI ENTERPRISES,,TBB,Cartons,,ELECTRONIC GOODS,BHIIN0000167,22026,2,29,31,492.05,SC JOHNSON PRODUCT PRIVATE LIMITED - BHIWANDI,,0,5/26/2020 1:09:40 PM,19BHD0007155,16BHD1703146,,
2753545,21/04/2020,BHIWANDI,BHIWANDI      ,NASHIK,,,NASHIK,SC JOHNSON PRODUCT PRIVATE LIMITED - BHIWANDI,J K & SONS NASHIK,,TBB,Cartons,,ELECTRONIC GOODS,BHIIN0000116,26613,11,161,162,1549.23,SC JOHNSON PRODUCT PRIVATE LIMITED - BHIWANDI,,0,5/26/2020 1:09:40 PM,19BHD0007155,16BHD1703146,,
2753546,21/04/2020,BHIWANDI,BHIWANDI      ,NASHIK,,,NASHIK,SC JOHNSON PRODUCT PRIVATE LIMITED - BHIWANDI,J K & SONS NASHIK,,TBB,Cartons,,ELECTRONIC GOODS,BHIIN0000132,42575,3,46,49,677.15,SC JOHNSON PRODUCT PRIVATE LIMITED - BHIWANDI,,0,5/26/2020 1:09:40 PM,19BHD0007155,16BHD1703146,,
2753547,21/04/2020,BHIWANDI,BHIWANDI      ,NASHIK,,,NASHIK,SC JOHNSON PRODUCT PRIVATE LIMITED - BHIWANDI,J K & SONS NASHIK,,TBB,Cartons,,ELECTRONIC GOODS,BHIIN0000161,153743,10,152,164,1819.49,SC JOHNSON PRODUCT PRIVATE LIMITED - BHIWANDI,,0,5/26/2020 1:09:40 PM,19BHD0007155,16BHD1703146,,
2753548,21/04/2020,BHIWANDI,BHIWANDI      ,NASHIK,,,NASHIK,SC JOHNSON PRODUCT PRIVATE LIMITED - BHIWANDI,RUDRA ENTERPRISES, NASHIK,,TBB,Cartons,,ELECTRONIC GOODS,BHIIN0000136,48935,5,68,73,881.87,SC JOHNSON PRODUCT PRIVATE LIMITED - BHIWANDI,,0,5/26/2020 1:09:40 PM,19BHD0007155,16BHD1703146,,
2753549,21/04/2020,BHIWANDI,BHIWANDI      ,NASHIK,,,NASHIK,SC JOHNSON PRODUCT PRIVATE LIMITED - BHIWANDI,SWAMI ENTERPRISES NSK,,TBB,Cartons,,ELECTRONIC GOODS,BHIIN0000109,51320,7,97,102,1118.64,SC JOHNSON PRODUCT PRIVATE LIMITED - BHIWANDI,,0,5/26/2020 1:09:40 PM,19BHD0007155,16BHD1703146,,
2753550,21/04/2020,BHIWANDI,BHIWANDI      ,NASHIK,,,NASHIK,SC JOHNSON PRODUCT PRIVATE LIMITED - BHIWANDI,SWAMI ENTERPRISES NSK,,TBB,Cartons,,ELECTRONIC GOODS,BHIIN00000159,33662,2,32,33,531.32,SC JOHNSON PRODUCT PRIVATE LIMITED - BHIWANDI,,0,5/26/2020 1:09:40 PM,19BHD0007155,16BHD1703146,,
2753551,21/04/2020,BHIWANDI,BHIWANDI      ,BHIWANDI,,,BHIWANDI,SC JOHNSON PRODUCT PRIVATE LIMITED - BHIWANDI,MALTI ENTERPRISES  THANE,,TBB,Cartons,,ELECTRONIC GOODS,BHIIN0000175,130064,16,232,243,2404.13,SC JOHNSON PRODUCT PRIVATE LIMITED - BHIWANDI,,0,5/26/2020 1:09:40 PM,,,,
2753552,21/04/2020,BHIWANDI,BHIWANDI      ,BHIWANDI      ,,,BHIWANDI,SC JOHNSON PRODUCT PRIVATE LIMITED - BHIWANDI,SHREE SWASTIK ENTERPRISES,,TBB,Cartons,,ELECTRONIC GOODS,BHIIN0000170,88360,13,178,187,1872.72,SC JOHNSON PRODUCT PRIVATE LIMITED - BHIWANDI,,0,5/26/2020 1:09:40 PM,,,,
2753553,21/04/2020,BHIWANDI,BHIWANDI      ,THANE,,,BHIWANDI,SC JOHNSON PRODUCT PRIVATE LIMITED - BHIWANDI,KRISHNA DISTRIBUTOR THANE,,TBB,Cartons,,ELECTRONIC GOODS,BHIIN0000176,350174,63,863,911,8188.35,SC JOHNSON PRODUCT PRIVATE LIMITED - BHIWANDI,,0,5/26/2020 1:09:40 PM,,,,
2753554,24/04/2020,BHIWANDI,BHIWANDI      ,BHANDUP,,,BHANDUP,SC JOHNSON PRODUCT PRIVATE LIMITED - BHIWANDI,METRO CASH & CARRY INDIA PVT LTD BHANDUP,,TBB,Cartons,,ELECTRONIC GOODS,BHIN0000219,30360,2,28,29,492.72,SC JOHNSON PRODUCT PRIVATE LIMITED - BHIWANDI,,0,5/26/2020 1:09:40 PM,19BHD0007154,16BHD1703145,,
2753555,24/04/2020,BHIWANDI,BHIWANDI      ,BHANDUP,,,BHANDUP,SC JOHNSON PRODUCT PRIVATE LIMITED - BHIWANDI,METRO CASH & CARRY INDIA PVT LTD BHANDUP,,TBB,Cartons,,ELECTRONIC GOODS,BHIN0000220,3854,1,10,20,707.71,SC JOHNSON PRODUCT PRIVATE LIMITED - BHIWANDI,,0,5/26/2020 1:09:40 PM,19BHD0007154,16BHD1703145,,
2753556,24/04/2020,BHIWANDI,BHIWANDI      ,BHANDUP,,,BHANDUP,SC JOHNSON PRODUCT PRIVATE LIMITED - BHIWANDI,METRO CASH & CARRY INDIA PVT LTD BHANDUP,,TBB,Cartons,,ELECTRONIC GOODS,BHIN0000221,5043,1,12,20,710.09,SC JOHNSON PRODUCT PRIVATE LIMITED - BHIWANDI,,0,5/26/2020 1:09:40 PM,19BHD0007154,16BHD1703145,,
2753557,24/04/2020,BHIWANDI,BHIWANDI      ,BHANDUP,,,BHANDUP,SC JOHNSON PRODUCT PRIVATE LIMITED - BHIWANDI,METRO CASH & CARRY INDIA PVT LTD BHANDUP,,TBB,Cartons,,ELECTRONIC GOODS,BHIN0000217,26655,15,229,243,2197.31,SC JOHNSON PRODUCT PRIVATE LIMITED - BHIWANDI,,0,5/26/2020 1:09:40 PM,19BHD0007154,16BHD1703145,,
2753558,24/04/2020,BHIWANDI,BHIWANDI      ,BHANDUP,,,BHANDUP,SC JOHNSON PRODUCT PRIVATE LIMITED - BHIWANDI,METRO CASH & CARRY INDIA PVT LTD BHANDUP,,TBB,Cartons,,ELECTRONIC GOODS,BHIN0000216,13276,10,152,161,1514.55,SC JOHNSON PRODUCT PRIVATE LIMITED - BHIWANDI,,0,5/26/2020 1:09:40 PM,19BHD0007154,16BHD1703145,,
2753559,24/04/2020,BHIWANDI,BHIWANDI      ,BHANDUP,,,BHANDUP,SC JOHNSON PRODUCT PRIVATE LIMITED - BHIWANDI,METRO CASH & CARRY INDIA PVT LTD BHANDUP,,TBB,Cartons,,ELECTRONIC GOODS,BHIN0000218,15437,1,15,20,730.87,SC JOHNSON PRODUCT PRIVATE LIMITED - BHIWANDI,,0,5/26/2020 1:09:40 PM,19BHD0007154,16BHD1703145,,
2753560,25/04/2020,BHIWANDI,BHIWANDI      ,BHIWANDI,,,BHIWANDI,SC JOHNSON PRODUCT PRIVATE LIMITED - BHIWANDI,RELIANCE RETAIL LTD BHIWANDI,,TBB,Cartons,,ELECTRONIC GOODS,BHIN0000222,44624,4,59,63,793.25,SC JOHNSON PRODUCT PRIVATE LIMITED - BHIWANDI,,0,5/26/2020 1:09:40 PM,,,,
2753561,25/04/2020,BHIWANDI,BHIWANDI      ,BHIWANDI,,,BHIWANDI,SC JOHNSON PRODUCT PRIVATE LIMITED - BHIWANDI,RELIANCE RETAIL LTD BHIWANDI,,TBB,Cartons,,ELECTRONIC GOODS,BHIN0000223,240987,20,306,324,3273.97,SC JOHNSON PRODUCT PRIVATE LIMITED - BHIWANDI,,0,5/26/2020 1:09:40 PM,,,,
2753562,25/04/2020,BHIWANDI,BHIWANDI      ,ANDHERI,,,BHANDUP,SC JOHNSON PRODUCT PRIVATE LIMITED - BHIWANDI,SHRI SAI ARIHANT DISTRIBUTORS,,TBB,Cartons,,ELECTRONIC GOODS,BHIN0000227,98116,18,223,239,2308.23,SC JOHNSON PRODUCT PRIVATE LIMITED - BHIWANDI,,0,5/26/2020 1:09:40 PM,19BHD0007154,16BHD1703145,,
2753563,25/04/2020,BHIWANDI,BHIWANDI      ,MALAD,,,BHANDUP,SC JOHNSON PRODUCT PRIVATE LIMITED - BHIWANDI,UMIYA SALES,,TBB,Cartons,,ELECTRONIC GOODS,BHIN0000228,74739,13,159,172,1725.48,SC JOHNSON PRODUCT PRIVATE LIMITED - BHIWANDI,,0,5/26/2020 1:09:40 PM,19BHD0007154,16BHD1703145,,
2753564,27/04/2020,BHIWANDI,BHIWANDI      ,KALBADEVI      ,,,BHIWANDI,SC JOHNSON PRODUCT PRIVATE LIMITED - BHIWANDI,DIVYA ENTERPRISE GIRGAON,,TBB,Cartons,,ELECTRONIC GOODS,BHIN0000223,216885,50,630,674,6025.77,SC JOHNSON PRODUCT PRIVATE LIMITED - BHIWANDI,,0,5/26/2020 1:09:40 PM,,,,
2753565,27/04/2020,BHIWANDI,BHIWANDI      ,KALBADEVI,,,BHIWANDI,SC JOHNSON PRODUCT PRIVATE LIMITED - BHIWANDI,DIVYA ENTERPRISE GIRGAON,,TBB,Cartons,,ELECTRONIC GOODS,BHIN0000226,92675,6,88,93,1129.35,SC JOHNSON PRODUCT PRIVATE LIMITED - BHIWANDI,,0,5/26/2020 1:09:40 PM,,,,
2753566,27/04/2020,BHIWANDI,BHIWANDI      ,THANE,,,BHIWANDI,SC JOHNSON PRODUCT PRIVATE LIMITED - BHIWANDI,KRISHNA DISTRIBUTOR THANE,,TBB,Cartons,,ELECTRONIC GOODS,BHIN0000234,134061,23,282,307,2924.12,SC JOHNSON PRODUCT PRIVATE LIMITED - BHIWANDI,,0,5/26/2020 1:09:40 PM,,,,
2753567,27/04/2020,BHIWANDI,BHIWANDI      ,THANE,,,BHIWANDI,SC JOHNSON PRODUCT PRIVATE LIMITED - BHIWANDI,MALTI ENTERPRISES  THANE,,TBB,Cartons,,ELECTRONIC GOODS,BHIN0000232,80519,12,124,137,1457.04,SC JOHNSON PRODUCT PRIVATE LIMITED - BHIWANDI,,0,5/26/2020 1:09:40 PM,,,,
2753568,27/04/2020,BHIWANDI,BHIWANDI      ,MULUND,,,BHIWANDI,SC JOHNSON PRODUCT PRIVATE LIMITED - BHIWANDI,SANDEEP ENTERPRISES,,TBB,Cartons,,ELECTRONIC GOODS,BHIN0000230,68904,11,206,222,2113.81,SC JOHNSON PRODUCT PRIVATE LIMITED - BHIWANDI,,0,5/26/2020 1:09:40 PM,,,,
2753569,27/04/2020,BHIWANDI,BHIWANDI      ,GHATKOPAR,,,BHIWANDI,SC JOHNSON PRODUCT PRIVATE LIMITED - BHIWANDI,N R ENTERPRISES,,TBB,Cartons,,ELECTRONIC GOODS,BHIN0000229,38701,5,52,57,733.4,SC JOHNSON PRODUCT PRIVATE LIMITED - BHIWANDI,,0,5/26/2020 1:09:40 PM,,,,
2753570,28/04/2020,BHIWANDI,BHIWANDI      ,BHIWANDI,,,BHIWANDI,SC JOHNSON PRODUCT PRIVATE LIMITED - BHIWANDI,MAHADEV AGENCIES,,TBB,Cartons,,ELECTRONIC GOODS,BHIN0000240,644101,196,2764,2940,25008.2,SC JOHNSON PRODUCT PRIVATE LIMITED - BHIWANDI,,0,5/26/2020 1:09:40 PM,,,,
2753571,28/04/2020,BHIWANDI,BHIWANDI      ,MALAD,,,BHIWANDI,SC JOHNSON PRODUCT PRIVATE LIMITED - BHIWANDI,UMIYA SALES,,TBB,Cartons,,ELECTRONIC GOODS,BHIN0000242,241506,26,358,386,3771.01,SC JOHNSON PRODUCT PRIVATE LIMITED - BHIWANDI,,0,5/26/2020 1:09:40 PM,,,,
2753572,28/04/2020,BHIWANDI,BHIWANDI      ,ANDHERI,,,BHIWANDI,SC JOHNSON PRODUCT PRIVATE LIMITED - BHIWANDI,SHRI SAI ARIHANT DISTRIBUTOR,,TBB,Cartons,,ELECTRONIC GOODS,BHIN0000239,239943,25,237,253,2703.89,SC JOHNSON PRODUCT PRIVATE LIMITED - BHIWANDI,,0,5/26/2020 1:09:40 PM,,,,
2880101,04/04/2020,BHIWANDI,BHIWANDI      ,BHAYANDER,,,BHIWANDI,SC JOHNSON PRODUCT PRIVATE LIMITED - BHIWANDI,NAVKAR TRADERS BHAYANDER,,TBB,Cartons,,E GOOD,BHIIN0000010,79584,6,90,96,1127.17,SC JOHNSON PRODUCT PRIVATE LIMITED - BHIWANDI,,0,5/26/2020 1:09:40 PM,,,,
2880102,08/04/2020,BHIWANDI,BHIWANDI      ,THANE,,,BHIWANDI,SC JOHNSON PRODUCT PRIVATE LIMITED - BHIWANDI,MORE RETAIL LIMITED,,TBB,Cartons,,S GOODS,BHIIN0000012,11224,3,40,40,542.45,SC JOHNSON PRODUCT PRIVATE LIMITED - BHIWANDI,,0,5/26/2020 1:09:40 PM,,,,
2880103,08/04/2020,BHIWANDI,BHIWANDI      ,BHIWANDI,,,BHIWANDI,SC JOHNSON PRODUCT PRIVATE LIMITED - BHIWANDI,AVENUE SUPERMARTS LIMITED...,,TBB,Cartons,,E GOOD,BHIIN000015,1133117,100,1464,1545,14826.23,SC JOHNSON PRODUCT PRIVATE LIMITED - BHIWANDI,,0,5/26/2020 1:09:40 PM,,,,
2880104,08/04/2020,BHIWANDI,BHIWANDI      ,NASHIK,,,NASHIK,SC JOHNSON PRODUCT PRIVATE LIMITED - BHIWANDI,J K & SONS NASHIK,,TBB,Cartons,,S GOODS,BHIIN0000016,143871,11,184,184,1959.74,SC JOHNSON PRODUCT PRIVATE LIMITED - BHIWANDI,,0,5/26/2020 1:09:40 PM,19BHD0007155,16BHD1703146,,
2880105,08/04/2020,BHIWANDI,BHIWANDI      ,PANCHWATI,,,NASHIK,SC JOHNSON PRODUCT PRIVATE LIMITED - BHIWANDI,RUDRA ENTERPRISES, NASHIK,,TBB,Cartons,,S GOODS,BHIIN0000020,62805,11,155,155,1565.61,SC JOHNSON PRODUCT PRIVATE LIMITED - BHIWANDI,,0,5/26/2020 1:09:40 PM,19BHD0007155,16BHD1703146,,
2880106,08/04/2020,BHIWANDI,BHIWANDI      ,NEW NASIK,,,NASHIK,SC JOHNSON PRODUCT PRIVATE LIMITED - BHIWANDI,SWAMI ENTERPRISES NSK,,TBB,Cartons,,S GOODS,BHIIN0000024,89517,16,176,176,1787.03,SC JOHNSON PRODUCT PRIVATE LIMITED - BHIWANDI,,0,5/26/2020 1:09:40 PM,19BHD0007155,16BHD1703146,,
2880107,08/04/2020,BHIWANDI,BHIWANDI      ,BHIWANDI,,,BHIWANDI,SC JOHNSON PRODUCT PRIVATE LIMITED - BHIWANDI,TRENT HYPERMARKET PVT LTD (SC JOHNSON),,TBB,Cartons,,S GOODS,BHIIN0000021,95969,21,157,157,1647.94,SC JOHNSON PRODUCT PRIVATE LIMITED - BHIWANDI,,0,5/26/2020 1:09:40 PM,,,,
2880108,08/04/2020,BHIWANDI,BHIWANDI      ,BHIWANDI,,,BHIWANDI,SC JOHNSON PRODUCT PRIVATE LIMITED - BHIWANDI,TRENT HYPERMARKET PVT LTD (SC JOHNSON),,TBB,Cartons,,S GOODS,BHIIN0000019,23855,3,42,42,583.71,SC JOHNSON PRODUCT PRIVATE LIMITED - BHIWANDI,,0,5/26/2020 1:09:40 PM,,,,
2880109,08/04/2020,BHIWANDI,BHIWANDI      ,ROOPCHAND GALAXY,,,BHIWANDI,SC JOHNSON PRODUCT PRIVATE LIMITED - BHIWANDI,TRENT HYPERMARKET PVT LTD (SC JOHNSON),,TBB,Cartons,,S GOODS,BHIIN0000018,25638,8,98,98,1035.28,SC JOHNSON PRODUCT PRIVATE LIMITED - BHIWANDI,,0,5/26/2020 1:09:40 PM,,,,
2880110,08/04/2020,BHIWANDI,BHIWANDI      ,ROOPCHAND GALAXY,,,BHIWANDI,SC JOHNSON PRODUCT PRIVATE LIMITED - BHIWANDI,TRENT HYPERMARKET PVT LTD (SC JOHNSON),,TBB,Cartons,,S GOODS,BHIIN0000017,6828,4,20,20,713.66,SC JOHNSON PRODUCT PRIVATE LIMITED - BHIWANDI,,0,5/26/2020 1:09:40 PM,,,,
2880111,08/04/2020,BHIWANDI,BHIWANDI      ,BORIVALI,,,BHANDUP,SC JOHNSON PRODUCT PRIVATE LIMITED - BHIWANDI,METRO CASH AND CARRY BHANDUP,,TBB,Cartons,,S GOODS,BHIIN0000028,19021,6,67,67,774.04,SC JOHNSON PRODUCT PRIVATE LIMITED - BHIWANDI,,0,5/26/2020 1:09:40 PM,19BHD0007154,16BHD1703145,,
2880112,08/04/2020,BHIWANDI,BHIWANDI      ,BORIVALI,,,BHANDUP,SC JOHNSON PRODUCT PRIVATE LIMITED - BHIWANDI,METRO CASH AND CARRY BHANDUP,,TBB,Cartons,,S GOODS,BHIIN0000023,2655,2,33,33,469.31,SC JOHNSON PRODUCT PRIVATE LIMITED - BHIWANDI,,0,5/26/2020 1:09:40 PM,19BHD0007154,16BHD1703145,,
2880113,08/04/2020,BHIWANDI,BHIWANDI      ,BHANDUP WEST     ,,,BHANDUP,SC JOHNSON PRODUCT PRIVATE LIMITED - BHIWANDI,METRO CASH AND CARRY BHANDUP,,TBB,Cartons,,S GOODS,BHIIN0000025,33293,20,323,323,2850.59,SC JOHNSON PRODUCT PRIVATE LIMITED - BHIWANDI,,0,5/26/2020 1:09:40 PM,19BHD0007154,16BHD1703145,,
2880114,08/04/2020,BHIWANDI,BHIWANDI      ,BORIVALI,,,BHANDUP,SC JOHNSON PRODUCT PRIVATE LIMITED - BHIWANDI,METRO CASH AND CARRY BHANDUP,,TBB,Cartons,,S GOODS,BHIIN0000027,41966,10,135,135,1363.93,SC JOHNSON PRODUCT PRIVATE LIMITED - BHIWANDI,,0,5/26/2020 1:09:40 PM,19BHD0007154,16BHD1703145,,
2880115,08/04/2020,BHIWANDI,BHIWANDI      ,BORIVALI      ,,,BHANDUP,SC JOHNSON PRODUCT PRIVATE LIMITED - BHIWANDI,METRO CASH AND CARRY BHANDUP,,TBB,Cartons,,S GOODS,BHIIN0000026,75491,21,111,111,1238.98,SC JOHNSON PRODUCT PRIVATE LIMITED - BHIWANDI,,0,5/26/2020 1:09:40 PM,19BHD0007154,16BHD1703145,,
2880116,11/04/2020,BHIWANDI,BHIWANDI      ,ULHASNAGAR 0,,,BHIWANDI,SC JOHNSON PRODUCT PRIVATE LIMITED - BHIWANDI,PERFECT DISTRIBUTORS,,TBB,Cartons,,E GOODS,BHIIN0000075,248429,37,526,567,5232.86,SC JOHNSON PRODUCT PRIVATE LIMITED - BHIWANDI,,0,5/26/2020 1:09:40 PM,,,,
2880117,11/04/2020,BHIWANDI,BHIWANDI      ,GOA,,,GOA,SC JOHNSON PRODUCT PRIVATE LIMITED - BHIWANDI,PADMAVATI  AGENCIES.,,TBB,Cartons,,S GOODS,BHIIN0004242,126491,54,845,845,7212.98,SC JOHNSON PRODUCT PRIVATE LIMITED - BHIWANDI,,0,5/26/2020 1:09:40 PM,19BHD0007141,16BHD1703138,,
2880118,11/04/2020,BHIWANDI,BHIWANDI      ,SANGLI,,,KOLHAPUR,SC JOHNSON PRODUCT PRIVATE LIMITED - BHIWANDI,SANGLI DISTRIBUTORS,,TBB,Cartons,,S GOODS,BHIIN0000047,61403,5,84,84,994.81,SC JOHNSON PRODUCT PRIVATE LIMITED - BHIWANDI,,0,5/26/2020 1:09:40 PM,19BHD0007141,16BHD1703138,,
2880119,11/04/2020,BHIWANDI,BHIWANDI      ,KOLHAPUR,,,KOLHAPUR,SC JOHNSON PRODUCT PRIVATE LIMITED - BHIWANDI,M P MEDIVISIONS,,TBB,Cartons,,S GOODS,BHIIN0000054,301460,25,407,407,4058.92,SC JOHNSON PRODUCT PRIVATE LIMITED - BHIWANDI,,0,5/26/2020 1:09:40 PM,19BHD0007141,16BHD1703138,,
2880120,11/04/2020,BHIWANDI,BHIWANDI      ,SOMWAR PETH KOLHAPUR,,,KOLHAPUR,SC JOHNSON PRODUCT PRIVATE LIMITED - BHIWANDI,SHREE AGENCIES,,TBB,Cartons,,S GOODS,BHIIN0000040,65247,5,83,83,994.49,SC JOHNSON PRODUCT PRIVATE LIMITED - BHIWANDI,,0,5/26/2020 1:09:40 PM,19BHD0007141,16BHD1703138,,
2880121,11/04/2020,BHIWANDI,BHIWANDI      ,AHMEDNAGAR,,,AHMEDNAGAR,SC JOHNSON PRODUCT PRIVATE LIMITED - BHIWANDI,NIRMAL GENERAL STORES AHMEDNAGAR,,TBB,Cartons,,S GOODS,BHIIN0000029,70847,18,281,281,2589.69,SC JOHNSON PRODUCT PRIVATE LIMITED - BHIWANDI,,0,5/26/2020 1:09:40 PM,19BHD0007141,16BHD1703138,,
2880122,11/04/2020,BHIWANDI,BHIWANDI      ,Ratnagiri,,,Ratnagiri.,SC JOHNSON PRODUCT PRIVATE LIMITED - BHIWANDI,OM DISTRIBUTES,,TBB,Cartons,,S GOODS,BHIIN0000048,45912,5,83,83,955.82,SC JOHNSON PRODUCT PRIVATE LIMITED - BHIWANDI,,0,5/26/2020 1:09:40 PM,19BHD0007141,16BHD1703138,,
2880123,11/04/2020,BHIWANDI,BHIWANDI      ,AURANGABAD NAWAPURA,,,AURANGABAD,SC JOHNSON PRODUCT PRIVATE LIMITED - BHIWANDI,S S MARKETING,,TBB,Cartons,,S GOODS,BHIIN0000057,137974,10,168,168,1819.95,SC JOHNSON PRODUCT PRIVATE LIMITED - BHIWANDI,,0,5/26/2020 1:09:40 PM,19BHD0007141,16BHD1703138,,
2880124,11/04/2020,BHIWANDI,BHIWANDI      ,AURANGABAD,,,AURANGABAD,SC JOHNSON PRODUCT PRIVATE LIMITED - BHIWANDI,OM SAI SALES CORP AURANGABAD,,TBB,Cartons,,S GOODS,BHIIN0000041,57247,5,80,80,954.49,SC JOHNSON PRODUCT PRIVATE LIMITED - BHIWANDI,,0,5/26/2020 1:09:40 PM,19BHD0007141,16BHD1703138,,
2880125,11/04/2020,BHIWANDI,BHIWANDI      ,GHTKOPER,,,BHANDUP,SC JOHNSON PRODUCT PRIVATE LIMITED - BHIWANDI,N R ENTERPRISES,,TBB,Cartons,,S GOODS,BHIIN0000074,181697,30,458,458,4227.39,SC JOHNSON PRODUCT PRIVATE LIMITED - BHIWANDI,,0,5/26/2020 1:09:40 PM,19BHD0007154,16BHD1703145,,
2880126,11/04/2020,BHIWANDI,BHIWANDI      ,NASHIK,,,NASHIK,SC JOHNSON PRODUCT PRIVATE LIMITED - BHIWANDI,RUDRA ENTERPRISES NASHIK,,TBB,Cartons,,E GOODS,BHIIN0000067,79299,9,118,129,1390.6,SC JOHNSON PRODUCT PRIVATE LIMITED - BHIWANDI,,0,5/26/2020 1:09:40 PM,19BHD0007155,16BHD1703146,,
2880127,11/04/2020,BHIWANDI,BHIWANDI      ,NASHIK,,,NASHIK,SC JOHNSON PRODUCT PRIVATE LIMITED - BHIWANDI,METRO CASH & CARRY INDIA PVT LTD NASHIK,,TBB,Cartons,,E GOODS,BHIIN0000069/70,19494,2,28,30,478.99,SC JOHNSON PRODUCT PRIVATE LIMITED - BHIWANDI,,0,5/26/2020 1:09:40 PM,19BHD0007155,16BHD1703146,,
2880128,14/04/2020,BHIWANDI,BHIWANDI      ,NASHIK,,,NASHIK,SC JOHNSON PRODUCT PRIVATE LIMITED - BHIWANDI,METRO CASH & CARRY INDIA PVT LTD NASHIK 1,,TBB,Cartons,,S GOODS,BHIIN000007/72/73,23434,9,78,78,870.87,SC JOHNSON PRODUCT PRIVATE LIMITED - BHIWANDI,,0,5/26/2020 1:09:40 PM,19BHD0007155,16BHD1703146,,
2880129,11/04/2020,BHIWANDI,BHIWANDI      ,PUNE,,,WAGHOLI,SC JOHNSON PRODUCT PRIVATE LIMITED - BHIWANDI,SHREE BALAJI DISTRIBUTORS PUN,,TBB,Cartons,,S GOODS,BHIIN0000076,1012894,106,1649,1649,15417.79,SC JOHNSON PRODUCT PRIVATE LIMITED - BHIWANDI,,0,5/26/2020 1:09:40 PM,19BHD0007141,16BHD1703138,,
2880131,11/04/2020,BHIWANDI,BHIWANDI      ,BHIWANDI,,,BHIWANDI,SC JOHNSON PRODUCT PRIVATE LIMITED - BHIWANDI,RELIANCE RETAIL LTD BHIWANDI,,TBB,Cartons,,E GOODS,BHIIN000059,389129,34,505,536,5266.26,SC JOHNSON PRODUCT PRIVATE LIMITED - BHIWANDI,,0,5/26/2020 1:09:40 PM,,,,
2880132,11/04/2020,BHIWANDI,BHIWANDI      ,BHIWANDI,,,BHIWANDI,SC JOHNSON PRODUCT PRIVATE LIMITED - BHIWANDI,RELIANCE RETAIL LTD BHIWANDI,,TBB,Cartons,,E GOODS,BHIIN0000077,214592,38,505,543,4973.18,SC JOHNSON PRODUCT PRIVATE LIMITED - BHIWANDI,,0,5/26/2020 1:09:40 PM,,,,
2880133,13/04/2020,BHIWANDI,BHIWANDI      ,BHIWANDI,,,BHIWANDI,SC JOHNSON PRODUCT PRIVATE LIMITED - BHIWANDI,TRENT HYPERMARKET PVT LTD BWD,,TBB,Cartons,,E GOODS,BHIIN0000079,196924,35,193,224,2385.85,SC JOHNSON PRODUCT PRIVATE LIMITED - BHIWANDI,,0,5/26/2020 1:09:40 PM,,,,
2880134,13/04/2020,BHIWANDI,BHIWANDI      ,BHIWANDI,,,BHIWANDI,SC JOHNSON PRODUCT PRIVATE LIMITED - BHIWANDI,TRENT HYPERMARKET PVT LTD BWD,,TBB,Cartons,,E GOODS,BHIIN0000080,15043,2,29,31,478.09,SC JOHNSON PRODUCT PRIVATE LIMITED - BHIWANDI,,0,5/26/2020 1:09:40 PM,,,,
2880135,14/04/2020,BHIWANDI,BHIWANDI      ,BHIWANDI,,,BHIWANDI,SC JOHNSON PRODUCT PRIVATE LIMITED - BHIWANDI,AVENUE SUPERMARTS LTD BHIWNADI,,TBB,Cartons,,E GOODS,BHIIN0000085,709197,200,1907,2150,18818.39,SC JOHNSON PRODUCT PRIVATE LIMITED - BHIWANDI,,0,5/26/2020 1:09:40 PM,,,,
2880136,14/04/2020,BHIWANDI,BHIWANDI      ,MALAD EAST     ,,,BHANDUP,SC JOHNSON PRODUCT PRIVATE LIMITED - BHIWANDI,UMIYA SALES,,TBB,Cartons,,S GOODS,BHIIN0000084,153787,56,854,854,7339.57,SC JOHNSON PRODUCT PRIVATE LIMITED - BHIWANDI,,0,5/26/2020 1:09:40 PM,19BHD0007154,16BHD1703145,,
2880137,14/04/2020,BHIWANDI,BHIWANDI      ,KANDIVALI,,,BHANDUP,SC JOHNSON PRODUCT PRIVATE LIMITED - BHIWANDI,DIVYA ENTERPRISE,,TBB,Cartons,,E GOODS,BHIIN0000083,177068,44,646,682,6010.14,SC JOHNSON PRODUCT PRIVATE LIMITED - BHIWANDI,,0,5/26/2020 1:09:40 PM,19BHD0007154,16BHD1703145,,
2880138,14/04/2020,BHIWANDI,BHIWANDI      ,MUMBAI,,,BHANDUP,SC JOHNSON PRODUCT PRIVATE LIMITED - BHIWANDI,SHREE MAHAVEER DISTRIBUTORS MAZGAON,,TBB,Cartons,,E GOODS,BHIIN0000081,138909,44,663,707,6133.82,SC JOHNSON PRODUCT PRIVATE LIMITED - BHIWANDI,,0,5/26/2020 1:09:40 PM,19BHD0007154,16BHD1703145,,
2880139,14/04/2020,BHIWANDI,BHIWANDI      ,MAZGAON      ,,,BHANDUP,SC JOHNSON PRODUCT PRIVATE LIMITED - BHIWANDI,SHREE MAHAVEER DISTRIBUTORS MAZGAON,,TBB,Cartons,,E GOODS,1,80244,38,450,450,3960.49,SC JOHNSON PRODUCT PRIVATE LIMITED - BHIWANDI,,0,5/26/2020 1:09:40 PM,19BHD0007154,16BHD1703145,,
2880140,15/04/2020,BHIWANDI,BHIWANDI      ,THANE,,,BHIWANDI,SC JOHNSON PRODUCT PRIVATE LIMITED - BHIWANDI,KRISHNA DISTRIBUTOR THANE,,TBB,Cartons,,S GOODS,BHIIN0000098,374033,41,587,627,5964.07,SC JOHNSON PRODUCT PRIVATE LIMITED - BHIWANDI,,0,5/26/2020 1:09:40 PM,,,,
2880141,15/04/2020,BHIWANDI,BHIWANDI      ,AMRAVATI,,,AMRAVATI,SC JOHNSON PRODUCT PRIVATE LIMITED - BHIWANDI,R R AGENCIES,,TBB,Cartons,,E GOODS,BHIIN0000065,61189,6,92,99,1114.38,SC JOHNSON PRODUCT PRIVATE LIMITED - BHIWANDI,,0,5/26/2020 1:09:40 PM,19BHD0007144,16BHD1703140,,
2880142,15/04/2020,BHIWANDI,BHIWANDI      ,AMRAVATI,,,AMRAVATI,SC JOHNSON PRODUCT PRIVATE LIMITED - BHIWANDI,RAJ GENERAL AGENCIES,,TBB,Cartons,,E GOODS,BHIIN0000068,200104,17,259,278,2824.21,SC JOHNSON PRODUCT PRIVATE LIMITED - BHIWANDI,,0,5/26/2020 1:09:40 PM,19BHD0007144,16BHD1703140,,
2880143,15/04/2020,BHIWANDI,BHIWANDI      ,AKOLA      ,,,AKOLA,SC JOHNSON PRODUCT PRIVATE LIMITED - BHIWANDI,N V MARKETING AKOLA,,TBB,Cartons,,E GOODS,BHIIN0000056,154909,15,221,237,2405.82,SC JOHNSON PRODUCT PRIVATE LIMITED - BHIWANDI,,0,5/26/2020 1:09:40 PM,19BHD0007145,16BHD1703140,,
2880144,15/04/2020,BHIWANDI,BHIWANDI      ,WARDHA      ,,,NAGPUR,SC JOHNSON PRODUCT PRIVATE LIMITED - BHIWANDI,JAI BAJARANG TRADERS,,TBB,Cartons,,E GOODS,BHIIN0000062,148343,13,197,211,2184.69,SC JOHNSON PRODUCT PRIVATE LIMITED - BHIWANDI,,0,5/26/2020 1:09:40 PM,19BHD0007143,16BHD1703140,,
2880145,15/04/2020,BHIWANDI,BHIWANDI      ,CHANDRAPUR,,,NAGPUR,SC JOHNSON PRODUCT PRIVATE LIMITED - BHIWANDI,SATISH VYAS & CO,,TBB,Cartons,,E GOODS,BHIIN0000061,44515,6,75,78,913.03,SC JOHNSON PRODUCT PRIVATE LIMITED - BHIWANDI,,0,5/26/2020 1:09:40 PM,19BHD0007143,16BHD1703140,,
2880146,15/04/2020,BHIWANDI,BHIWANDI      ,NAGPUR,,,NAGPUR,SC JOHNSON PRODUCT PRIVATE LIMITED - BHIWANDI,VYANKATESH MARKETING,,TBB,Cartons,,E GOODS,BHIIN0000055,587140,80,1192,1248,11358.28,SC JOHNSON PRODUCT PRIVATE LIMITED - BHIWANDI,,0,5/26/2020 1:09:40 PM,19BHD0007143,16BHD1703140,,
2880147,15/04/2020,BHIWANDI,BHIWANDI      ,NAGPUR,,,NAGPUR,SC JOHNSON PRODUCT PRIVATE LIMITED - BHIWANDI,VYANKATESH MARKETING,,TBB,Cartons,,E GOOD,1,90620,20,300,300,2781.24,SC JOHNSON PRODUCT PRIVATE LIMITED - BHIWANDI,,0,5/26/2020 1:09:40 PM,19BHD0007143,16BHD1703140,,
2880148,15/04/2020,BHIWANDI,BHIWANDI      ,AMRAVATI,,,AMRAVATI,SC JOHNSON PRODUCT PRIVATE LIMITED - BHIWANDI,RAJ GENERAL AGENCIES,,TBB,Cartons,,E GOODS,BHIIN0000087,112104,8,109,118,1368.21,SC JOHNSON PRODUCT PRIVATE LIMITED - BHIWANDI,,0,5/26/2020 1:09:40 PM,19BHD0007144,16BHD1703140,,
2880149,15/04/2020,BHIWANDI,BHIWANDI      ,PUNE 0,,,WAGHOLI,SC JOHNSON PRODUCT PRIVATE LIMITED - BHIWANDI,ROHITS SUPPLY AND LOGISTICS,,TBB,Cartons,,S GOODS,BHIIN0000100/101,684771,460,5564,5564,46081.54,SC JOHNSON PRODUCT PRIVATE LIMITED - BHIWANDI,,0,5/26/2020 1:09:40 PM,19BHD0007142,16BHD1703139,,
2880150,15/04/2020,BHIWANDI,BHIWANDI      ,PUNE,,,WAGHOLI,SC JOHNSON PRODUCT PRIVATE LIMITED - BHIWANDI,ROHITS SUPPLY AND LOGISTICS,,TBB,Cartons,,S GOODS,LH NO,67488,50,750,750,6334.98,SC JOHNSON PRODUCT PRIVATE LIMITED - BHIWANDI,,0,5/26/2020 1:09:40 PM,19BHD0007142,16BHD1703139,,
2880151,15/04/2020,BHIWANDI,BHIWANDI      ,NAGPUR,,,NAGPUR,SC JOHNSON PRODUCT PRIVATE LIMITED - BHIWANDI,FATTELAL MAGANLAL COMPANY,,TBB,Cartons,,E GOODS,BHIIN0000103,315688,65,969,1042,9167.38,SC JOHNSON PRODUCT PRIVATE LIMITED - BHIWANDI,,0,5/26/2020 1:09:40 PM,19BHD0007143,16BHD1703140,,
2880152,16/04/2020,BHIWANDI,BHIWANDI      ,BEHIND PARULEKAR  PETROL PUMP KALYAN BHIWANDI,,,BHIWANDI,SC JOHNSON PRODUCT PRIVATE LIMITED - BHIWANDI,MAHADEV AGENCIES,,TBB,Cartons,,S GOODS,bhiin0000095,1193155,382,5571,5935,50066.31,SC JOHNSON PRODUCT PRIVATE LIMITED - BHIWANDI,,0,5/26/2020 1:09:40 PM,,,,
2880153,16/04/2020,BHIWANDI,BHIWANDI,MALAD EAST     ,,,BHANDUP,SC JOHNSON PRODUCT PRIVATE LIMITED - BHIWANDI,UMIYA SALES,,TBB,Cartons,,S GOODS,BHIIN0000102,226701,50,578,6120,49613.4,SC JOHNSON PRODUCT PRIVATE LIMITED - BHIWANDI,,0,5/26/2020 1:09:40 PM,19BHD0007154,16BHD1703145,,
2880154,16/04/2020,BHIWANDI,BHIWANDI,GHTKOPER,,,BHANDUP,SC JOHNSON PRODUCT PRIVATE LIMITED - BHIWANDI,N R ENTERPRISES,,TBB,Cartons,,S GOODS,BHIIN0000108,286966,50,707,757,6829.93,SC JOHNSON PRODUCT PRIVATE LIMITED - BHIWANDI,,0,5/26/2020 1:09:40 PM,19BHD0007154,16BHD1703145,,
2880155,16/04/2020,BHIWANDI,BHIWANDI,Mulund  West,,,BHANDUP,SC JOHNSON PRODUCT PRIVATE LIMITED - BHIWANDI,SANDEEP ENTERPRISES,,TBB,Cartons,,S GOODS,BHIIN0000107,96062,7,103,112,1288.12,SC JOHNSON PRODUCT PRIVATE LIMITED - BHIWANDI,,0,5/26/2020 1:09:40 PM,19BHD0007154,16BHD1703145,,
2880156,16/04/2020,BHIWANDI,BHIWANDI      ,BHIWANDI,,,BHIWANDI,SC JOHNSON PRODUCT PRIVATE LIMITED - BHIWANDI,MALTI ENTERPRISES  THANE,,TBB,Cartons,,S GOODS,BHIIN0000097,212878,24,320,346,3393.76,SC JOHNSON PRODUCT PRIVATE LIMITED - BHIWANDI,,0,5/26/2020 1:09:40 PM,,,,
2880157,16/04/2020,BHIWANDI,BHIWANDI      ,BHIWANDI      ,,,BHIWANDI,SC JOHNSON PRODUCT PRIVATE LIMITED - BHIWANDI,SHREE SWASTIK ENTERPRISES,,TBB,Cartons,,S GOODS,BHIIN0000093,111481,11,172,172,1798.96,SC JOHNSON PRODUCT PRIVATE LIMITED - BHIWANDI,,0,5/26/2020 1:09:40 PM,,,,
2880158,16/04/2020,BHIWANDI,BHIWANDI,BHIWANDI      ,,,BHIWANDI,SC JOHNSON PRODUCT PRIVATE LIMITED - BHIWANDI,SHREE SWASTIK ENTERPRISES,,TBB,Cartons,,S GOODS,BHIIN0000066,39169,3,46,50,678.34,SC JOHNSON PRODUCT PRIVATE LIMITED - BHIWANDI,,0,5/26/2020 1:09:40 PM,,,,
2880159,17/04/2020,BHIWANDI,BHIWANDI      ,DOMBIVALI CITY,,,BHIWANDI,SC JOHNSON PRODUCT PRIVATE LIMITED - BHIWANDI,SEFALI DISTRIBUTORS,,TBB,Cartons,,E GOODS,BHIIN0000086,157299,16,218,237,2410.6,SC JOHNSON PRODUCT PRIVATE LIMITED - BHIWANDI,,0,5/26/2020 1:09:40 PM,,,,
2880160,17/04/2020,BHIWANDI,BHIWANDI      ,ULHASNAGAR 0,,,BHIWANDI,SC JOHNSON PRODUCT PRIVATE LIMITED - BHIWANDI,PERFECT DISTRIBUTORS,,TBB,Cartons,,E GOODS,BHIIN0000128,251636,25,344,370,3663.27,SC JOHNSON PRODUCT PRIVATE LIMITED - BHIWANDI,,0,5/26/2020 1:09:40 PM,,,,
2880161,17/04/2020,BHIWANDI,BHIWANDI      ,BHIWANDI,,,BHIWANDI,SC JOHNSON PRODUCT PRIVATE LIMITED - BHIWANDI,TRENT HYPERMARKET PVT LTD BWD,,TBB,Cartons,,E GOODS,BHIIN0000122,58148,12,87,95,1076.3,SC JOHNSON PRODUCT PRIVATE LIMITED - BHIWANDI,,0,5/26/2020 1:09:40 PM,,,,
2880162,17/04/2020,BHIWANDI,BHIWANDI      ,BHIWANDI,,,BHIWANDI,SC JOHNSON PRODUCT PRIVATE LIMITED - BHIWANDI,TRENT HYPERMARKET PVT LTD BWD,,TBB,Cartons,,E GOODS,BHIIN0000123,29060,6,47,50,658.12,SC JOHNSON PRODUCT PRIVATE LIMITED - BHIWANDI,,0,5/26/2020 1:09:40 PM,,,,
2880163,17/04/2020,BHIWANDI,BHIWANDI      ,VASHI STATION,,,BHIWANDI,SC JOHNSON PRODUCT PRIVATE LIMITED - BHIWANDI,JALARAM & SONS  VASHI,,TBB,Cartons,,E GOODS,BHIIN0000120,121039,10,154,165,1762.08,SC JOHNSON PRODUCT PRIVATE LIMITED - BHIWANDI,,0,5/26/2020 1:09:40 PM,,,,
2880164,17/04/2020,BHIWANDI,BHIWANDI      ,PANVEL,,,BHIWANDI,SC JOHNSON PRODUCT PRIVATE LIMITED - BHIWANDI,SHREE KRISHNA DISTRIBUTORS,PANVEL,,TBB,Cartons,,E GOODS,BHIIN0000090,87873,8,122,130,1415.75,SC JOHNSON PRODUCT PRIVATE LIMITED - BHIWANDI,,0,5/26/2020 1:09:40 PM,,,,
2880165,17/04/2020,BHIWANDI,BHIWANDI      ,PUNE,,,WAGHOLI,SC JOHNSON PRODUCT PRIVATE LIMITED - BHIWANDI,RUDRAKSH DISTRIBUTOR PUNE,,TBB,Cartons,,E GOODS,BHIIN0000096,192355,21,307,330,3224.71,SC JOHNSON PRODUCT PRIVATE LIMITED - BHIWANDI,,0,5/26/2020 1:09:40 PM,19BHD0007146,16BHD1703141,,
2880166,17/04/2020,BHIWANDI,BHIWANDI      ,PUNE,,,WAGHOLI,SC JOHNSON PRODUCT PRIVATE LIMITED - BHIWANDI,RATAN TRADERS PUNE,,TBB,Cartons,,E GOODS,BHIIN0000094,303883,63,805,854,7639.77,SC JOHNSON PRODUCT PRIVATE LIMITED - BHIWANDI,,0,5/26/2020 1:09:40 PM,19BHD0007146,16BHD1703141,,
2880167,17/04/2020,BHIWANDI,BHIWANDI      ,PUNE,,,WAGHOLI,SC JOHNSON PRODUCT PRIVATE LIMITED - BHIWANDI,VISION MARKETING,,TBB,Cartons,,E GOODS,BHIIN0000088,94649,8,114,123,1373.3,SC JOHNSON PRODUCT PRIVATE LIMITED - BHIWANDI,,0,5/26/2020 1:09:40 PM,19BHD0007146,16BHD1703141,,
2880168,17/04/2020,BHIWANDI,BHIWANDI      ,PUNE,,,WAGHOLI,SC JOHNSON PRODUCT PRIVATE LIMITED - BHIWANDI,RUDRAKSH DISTRIBUTOR PUNE,,TBB,Cartons,,E GOODS,BHIIN000089,16208,6,93,98,1016.42,SC JOHNSON PRODUCT PRIVATE LIMITED - BHIWANDI,,0,5/26/2020 1:09:40 PM,19BHD0007146,16BHD1703141,,
2880169,17/04/2020,BHIWANDI,BHIWANDI      ,PUNE,,,WAGHOLI,SC JOHNSON PRODUCT PRIVATE LIMITED - BHIWANDI,MAHESH SALES,,TBB,Cartons,,E GOODS,BHIIN0000104,352070,69,897,956,8552.14,SC JOHNSON PRODUCT PRIVATE LIMITED - BHIWANDI,,0,5/26/2020 1:09:40 PM,19BHD0007146,16BHD1703141,,
2880170,17/04/2020,BHIWANDI,BHIWANDI      ,PUNE,,,WAGHOLI,SC JOHNSON PRODUCT PRIVATE LIMITED - BHIWANDI,RELIANCE RETAIL LIMITED PUNE,,TBB,Cartons,,E GOODS,BHIIN0000124,240987,20,306,330,3321.97,SC JOHNSON PRODUCT PRIVATE LIMITED - BHIWANDI,,0,5/26/2020 1:09:40 PM,19BHD0007146,16BHD1703141,,
2880171,17/04/2020,BHIWANDI,BHIWANDI      ,PUNE,,,WAGHOLI,SC JOHNSON PRODUCT PRIVATE LIMITED - BHIWANDI,RELIANCE RETAIL LIMITED PUNE,,TBB,Cartons,,E GOODS,BHIIN0000121,158141,11,166,180,1956.28,SC JOHNSON PRODUCT PRIVATE LIMITED - BHIWANDI,,0,5/26/2020 1:09:40 PM,19BHD0007146,16BHD1703141,,
2880172,17/04/2020,BHIWANDI,BHIWANDI      ,PUNE,,,WAGHOLI,SC JOHNSON PRODUCT PRIVATE LIMITED - BHIWANDI,VISHNU DISTRIBUTERS PUNE,,TBB,Cartons,,E GOODS,BHIIN0000110,334133,86,1157,1224,10660.27,SC JOHNSON PRODUCT PRIVATE LIMITED - BHIWANDI,,0,5/26/2020 1:09:40 PM,19BHD0007146,16BHD1703141,,
2880173,17/04/2020,BHIWANDI,BHIWANDI      ,PUNE,,,WAGHOLI,SC JOHNSON PRODUCT PRIVATE LIMITED - BHIWANDI,VISHNU DISTRIBUTERS PUNE,,TBB,Cartons,,E GOODS,BHIIN0000133,391420,115,1554,1612,13878.84,SC JOHNSON PRODUCT PRIVATE LIMITED - BHIWANDI,,0,5/26/2020 1:09:40 PM,19BHD0007146,16BHD1703141,,
2880174,17/04/2020,BHIWANDI,BHIWANDI      ,PUNE,,,WAGHOLI,SC JOHNSON PRODUCT PRIVATE LIMITED - BHIWANDI,RATAN TRADERS PUNE,,TBB,Cartons,,E GOODS,BHIIN0000145,263851,46,655,680,6167.7,SC JOHNSON PRODUCT PRIVATE LIMITED - BHIWANDI,,0,5/26/2020 1:09:40 PM,19BHD0007146,16BHD1703141,,
2880175,20/04/2020,BHIWANDI,BHIWANDI      ,PUNE,,,WAGHOLI,SC JOHNSON PRODUCT PRIVATE LIMITED - BHIWANDI,SHREE BALAJI DISTRIBUTORS,,TBB,Cartons,,E GOODS,BHIIN0000138,579923,65,902,958,9023.85,SC JOHNSON PRODUCT PRIVATE LIMITED - BHIWANDI,,0,5/26/2020 1:09:40 PM,19BHD0007150,16BHD1703142,,
2880176,17/04/2020,BHIWANDI,BHIWANDI      ,TALEGAON,,,WAGHOLI,SC JOHNSON PRODUCT PRIVATE LIMITED - BHIWANDI,PRANAV ENTERPRISES,,TBB,Cartons,,E GOODS,BHIIN0000105,82597,9,108,119,1317.19,SC JOHNSON PRODUCT PRIVATE LIMITED - BHIWANDI,,0,5/26/2020 1:09:40 PM,19BHD0007146,16BHD1703141,,
2880177,17/04/2020,BHIWANDI,BHIWANDI      ,pune,,,WAGHOLI,SC JOHNSON PRODUCT PRIVATE LIMITED - BHIWANDI,MORE RETAIL LIMITED,,TBB,Cartons,,E GOODS,BHIIN0000139,8352,2,30,32,472.7,SC JOHNSON PRODUCT PRIVATE LIMITED - BHIWANDI,,0,5/26/2020 1:09:40 PM,19BHD0007146,16BHD1703141,,
2880178,17/04/2020,BHIWANDI,BHIWANDI      ,PUNE,,,WAGHOLI,SC JOHNSON PRODUCT PRIVATE LIMITED - BHIWANDI,MORE RETAIL LIMITED,,TBB,Cartons,,E GOODS,BHIIN0000125,19428,4,10,13,738.86,SC JOHNSON PRODUCT PRIVATE LIMITED - BHIWANDI,,0,5/26/2020 1:09:40 PM,19BHD0007146,16BHD1703141,,
2880179,17/04/2020,BHIWANDI,BHIWANDI      ,PUNE,,,WAGHOLI,SC JOHNSON PRODUCT PRIVATE LIMITED - BHIWANDI,MORE RETAIL LIMITED,,TBB,Cartons,,E GOODS,BHIIN0000140,63730,11,97,107,1183.46,SC JOHNSON PRODUCT PRIVATE LIMITED - BHIWANDI,,0,5/26/2020 1:09:40 PM,19BHD0007146,16BHD1703141,,
2880180,17/04/2020,BHIWANDI,BHIWANDI      ,PUNE,,,WAGHOLI,SC JOHNSON PRODUCT PRIVATE LIMITED - BHIWANDI,MORE RETAIL LIMITED,,TBB,Cartons,,E GOODS,BHIIN0000126,34445,5,54,59,740.89,SC JOHNSON PRODUCT PRIVATE LIMITED - BHIWANDI,,0,5/26/2020 1:09:40 PM,19BHD0007146,16BHD1703141,,
2880181,17/04/2020,BHIWANDI,BHIWANDI      ,GOA,,,GOA,SC JOHNSON PRODUCT PRIVATE LIMITED - BHIWANDI,PADMAVATI AGENCIES GOA,,,TBB,Cartons,,E GOODS,BHIIN0000144,330320,75,1017,1091,9588.64,SC JOHNSON PRODUCT PRIVATE LIMITED - BHIWANDI,,0,5/26/2020 1:09:40 PM,19BHD0007148,,,
2880182,17/04/2020,BHIWANDI,BHIWANDI      ,KOLHAPUR,,,KOLHAPUR,SC JOHNSON PRODUCT PRIVATE LIMITED - BHIWANDI,SURAJ ENTERPRISES,,TBB,Cartons,,E GOODS,BHIIN000099,249729,210,2691,2929,24131.46,SC JOHNSON PRODUCT PRIVATE LIMITED - BHIWANDI,,0,5/26/2020 1:09:40 PM,19BHD0007164,,,
2880183,17/04/2020,BHIWANDI,BHIWANDI      ,KOLHAPUR      ,,,KOLHAPUR,SC JOHNSON PRODUCT PRIVATE LIMITED - BHIWANDI,M P MEDIVISION 1,,TBB,Cartons,,E GOODS,BHIIN0000113,289870,25,366,394,3931.74,SC JOHNSON PRODUCT PRIVATE LIMITED - BHIWANDI,,0,5/26/2020 1:09:40 PM,19BHD0007164,,,
2880184,17/04/2020,BHIWANDI,BHIWANDI      ,KOLHAPUR      ,,,KOLHAPUR,SC JOHNSON PRODUCT PRIVATE LIMITED - BHIWANDI,SHREE AGENCIES,,TBB,Cartons,,E GOODS,BHIIN0000111,19605,6,82,88,943.21,SC JOHNSON PRODUCT PRIVATE LIMITED - BHIWANDI,,0,5/26/2020 1:09:40 PM,19BHD0007164,,,
2880185,17/04/2020,BHIWANDI,BHIWANDI      ,KOLHAPUR,,,KOLHAPUR,SC JOHNSON PRODUCT PRIVATE LIMITED - BHIWANDI,SURAJ ENTERPRISES,,TBB,Cartons,,E GOODS,BHIIN0000119,27277,12,181,191,1782.55,SC JOHNSON PRODUCT PRIVATE LIMITED - BHIWANDI,,0,5/26/2020 1:09:40 PM,19BHD0007164,,,
2880186,17/04/2020,BHIWANDI,BHIWANDI      ,SANGLI,,,KOLHAPUR,SC JOHNSON PRODUCT PRIVATE LIMITED - BHIWANDI,SANGLI DISTRIBUTORS,,TBB,Cartons,,E GOODS,BHIIN0000114,5195,1,13,20,710.39,SC JOHNSON PRODUCT PRIVATE LIMITED - BHIWANDI,,0,5/26/2020 1:09:40 PM,19BHD0007164,,,
2880187,17/04/2020,BHIWANDI,BHIWANDI      ,SATARA,,,SATARA,SC JOHNSON PRODUCT PRIVATE LIMITED - BHIWANDI,ISHWAR AGENCY,,TBB,Cartons,,E GOODS,BHIIN0000092,109506,19,280,294,2771.01,SC JOHNSON PRODUCT PRIVATE LIMITED - BHIWANDI,,0,5/26/2020 1:09:40 PM,19BHD0007147,,,
2880188,17/04/2020,BHIWANDI,BHIWANDI      ,SOLAPUR      ,,,SOLAPUR,SC JOHNSON PRODUCT PRIVATE LIMITED - BHIWANDI,BOMBAY TOBACCO MERCHANT,,TBB,Cartons,,E GOODS,BHIIN0000082,100613,10,113,122,1377.23,SC JOHNSON PRODUCT PRIVATE LIMITED - BHIWANDI,,0,5/26/2020 1:09:40 PM,19BHD0007149,,,
2880189,17/04/2020,BHIWANDI,BHIWANDI      ,SHOLAPUR,,,SOLAPUR,SC JOHNSON PRODUCT PRIVATE LIMITED - BHIWANDI,BOMBAY TOBACCO MERCHANT,,TBB,Cartons,,E GOODS,BHIIN0000112,101901,72,939,1019,8555.8,SC JOHNSON PRODUCT PRIVATE LIMITED - BHIWANDI,,0,5/26/2020 1:09:40 PM,19BHD0007149,,,
2880190,17/04/2020,BHIWANDI,BHIWANDI      ,RATNAGIRI      ,,,KARAD,SC JOHNSON PRODUCT PRIVATE LIMITED - BHIWANDI,OM DISTRIBUTES,,TBB,Cartons,,E GOODS,BHIIN0000131,15584,3,38,41,559.17,SC JOHNSON PRODUCT PRIVATE LIMITED - BHIWANDI,,0,5/26/2020 1:09:40 PM,19BHD0007148,,,
2880191,17/04/2020,BHIWANDI,BHIWANDI      ,Latur,,,SOLAPUR,SC JOHNSON PRODUCT PRIVATE LIMITED - BHIWANDI,SANJAY AGENCIES,,TBB,Cartons,,E GOODS,BHIIN0000142,158109,13,194,207,2172.22,SC JOHNSON PRODUCT PRIVATE LIMITED - BHIWANDI,,0,5/26/2020 1:09:40 PM,19BHD0007149,,,
2880192,18/04/2020,BHIWANDI,BHIWANDI      ,BHIWANDI,,,BHIWANDI,SC JOHNSON PRODUCT PRIVATE LIMITED - BHIWANDI,AVENUE SUPERMARTS LTD BHIWNADI,,TBB,Cartons,,E GOODS,BHIIN0000146,656921,395,5276,5694,47065.84,SC JOHNSON PRODUCT PRIVATE LIMITED - BHIWANDI,,0,5/26/2020 1:09:40 PM,,,,
2880193,18/04/2020,BHIWANDI,BHIWANDI      ,MUMBAI,,,BHANDUP,SC JOHNSON PRODUCT PRIVATE LIMITED - BHIWANDI,SHREE MAHAVEER DISTRIBUTORS MAZGAON,,TBB,Cartons,,E GOODS,BHIIN0000118,299221,20,303,326,3406.44,SC JOHNSON PRODUCT PRIVATE LIMITED - BHIWANDI,,0,5/26/2020 1:09:40 PM,19BHD0007154,16BHD1703145,,
2880194,18/04/2020,BHIWANDI,BHIWANDI      ,THANE,,,BHIWANDI,SC JOHNSON PRODUCT PRIVATE LIMITED - BHIWANDI,KRISHNA DISTRIBUTORS,,TBB,Cartons,,E GOODS,BHIIN0000143,253872,34,446,475,4507.74,SC JOHNSON PRODUCT PRIVATE LIMITED - BHIWANDI,,0,5/26/2020 1:09:40 PM,,,,
2880195,18/04/2020,BHIWANDI,BHIWANDI      ,THANE,,,BHIWANDI,SC JOHNSON PRODUCT PRIVATE LIMITED - BHIWANDI,KRISHNA DISTRIBUTORS,,TBB,Cartons,,E GOODS,BHIIN0000141,292386,152,1993,2123,17768.77,SC JOHNSON PRODUCT PRIVATE LIMITED - BHIWANDI,,0,5/26/2020 1:09:40 PM,,,,
2880196,20/04/2020,BHIWANDI,BHIWANDI      ,ANDHERI,,,BHANDUP,SC JOHNSON PRODUCT PRIVATE LIMITED - BHIWANDI,SHRI SAI ARIHANT DISTRIBUTORS,,TBB,Cartons,,E GOODS,BHIIN0000151,332052,63,768,822,7440.1,SC JOHNSON PRODUCT PRIVATE LIMITED - BHIWANDI,,0,5/26/2020 1:09:40 PM,19BHD0007154,16BHD1703145,,
2880197,20/04/2020,BHIWANDI,BHIWANDI      ,MALAD EAST     ,,,BHANDUP,SC JOHNSON PRODUCT PRIVATE LIMITED - BHIWANDI,UMIYA SALES,,TBB,Cartons,,E GOODS,BHIIN0000152,187955,36,496,530,4815.91,SC JOHNSON PRODUCT PRIVATE LIMITED - BHIWANDI,,0,5/26/2020 1:09:40 PM,19BHD0007154,16BHD1703145,,
2880198,20/04/2020,BHIWANDI,BHIWANDI      ,MUMBAI,,,BHANDUP,SC JOHNSON PRODUCT PRIVATE LIMITED - BHIWANDI,DIVYA ENTERPRISE GIRGAON,,TBB,Cartons,,E GOODS,BHIIN0000129,244171,67,938,995,8648.34,SC JOHNSON PRODUCT PRIVATE LIMITED - BHIWANDI,,0,5/26/2020 1:09:40 PM,19BHD0007154,16BHD1703145,,
2880199,22/04/2020,BHIWANDI,BHIWANDI      ,BHAYANDER,,,BHIWANDI,SC JOHNSON PRODUCT PRIVATE LIMITED - BHIWANDI,NAVKAR TRADERS BHAYANDER,,TBB,Cartons,,ELECTRONIC GOODS,BHIN0000115,74805,5,76,82,1005.61,SC JOHNSON PRODUCT PRIVATE LIMITED - BHIWANDI,,0,5/26/2020 1:09:40 PM,,,,
2880200,20/04/2020,BHIWANDI,BHIWANDI      ,THANE,,,BHIWANDI,SC JOHNSON PRODUCT PRIVATE LIMITED - BHIWANDI,MORE RETAIL LIMITED,,TBB,Cartons,,E GOODS,BHIIN0000127,25428,9,67,73,834.86,SC JOHNSON PRODUCT PRIVATE LIMITED - BHIWANDI,,0,5/26/2020 1:09:40 PM,,,,
2880501,22/04/2020,BHIWANDI,BHIWANDI      ,MALAD,,,BHANDUP,SC JOHNSON PRODUCT PRIVATE LIMITED - BHIWANDI,UMIYA SALES,,TBB,Cartons,,ELECTRONIC GOODS,BHIN0000187,253091,54,581,623,5690.18,SC JOHNSON PRODUCT PRIVATE LIMITED - BHIWANDI,,0,5/26/2020 1:09:40 PM,19BHD0007154,16BHD1703145,,
2880502,22/04/2020,BHIWANDI,BHIWANDI      ,ANDHERI,,,BHANDUP,SC JOHNSON PRODUCT PRIVATE LIMITED - BHIWANDI,SHRI SAI ARIHANT DISTRIBUTOR,,TBB,Cartons,,ELECTRONIC GOODS,BHIN0000183,193704,35,481,514,4699.41,SC JOHNSON PRODUCT PRIVATE LIMITED - BHIWANDI,,0,5/26/2020 1:09:40 PM,19BHD0007154,16BHD1703145,,
2880503,22/04/2020,BHIWANDI,BHIWANDI      ,GHATKOPAR,,,BHANDUP,SC JOHNSON PRODUCT PRIVATE LIMITED - BHIWANDI,N R ENTERPRISES,,TBB,Cartons,,ELECTRONIC GOODS,BHIN0000179,321600,35,509,537,5139.2,SC JOHNSON PRODUCT PRIVATE LIMITED - BHIWANDI,,0,5/26/2020 1:09:40 PM,19BHD0007154,16BHD1703145,,
2880504,24/04/2020,BHIWANDI,BHIWANDI      ,ULHASNAGAR 0,,,BHIWANDI,SC JOHNSON PRODUCT PRIVATE LIMITED - BHIWANDI,PERFECT DISTRIBUTORS,,TBB,Cartons,,ELECTRONIC GOODS,BHIN0000185,129457,23,296,311,2946.91,SC JOHNSON PRODUCT PRIVATE LIMITED - BHIWANDI,,0,5/26/2020 1:09:40 PM,,,,
2880505,22/04/2020,BHIWANDI,BHIWANDI      ,BOISAR      ,,,BHIWANDI,SC JOHNSON PRODUCT PRIVATE LIMITED - BHIWANDI,JAI MAA KALI ENTERPRISES,,TBB,Cartons,,ELECTRONIC GOODS,BHIN0000137,80389,11,154,162,1656.78,SC JOHNSON PRODUCT PRIVATE LIMITED - BHIWANDI,,0,5/26/2020 1:09:40 PM,,,,
2880506,22/04/2020,BHIWANDI,BHIWANDI      ,GOA,,,GOA,SC JOHNSON PRODUCT PRIVATE LIMITED - BHIWANDI,PADMAVATI AGENCIES GOA,,,TBB,Cartons,,ELECTRONIC GOODS,BHIN0000174,205265,17,253,272,2786.53,SC JOHNSON PRODUCT PRIVATE LIMITED - BHIWANDI,,0,5/26/2020 1:09:40 PM,19BHD0007151,16BHD1703143,,
2880507,22/04/2020,BHIWANDI,BHIWANDI      ,PUNE,,,WAGHOLI,SC JOHNSON PRODUCT PRIVATE LIMITED - BHIWANDI,VISHNU DISTRIBUTERS PUNE,,TBB,Cartons,,ELECTRONIC GOODS,BHIN0000188,85455,10,121,131,1418.91,SC JOHNSON PRODUCT PRIVATE LIMITED - BHIWANDI,,0,5/26/2020 1:09:40 PM,19BHD0007151,16BHD1703143,,
2880508,22/04/2020,BHIWANDI,BHIWANDI      ,PUNE,,,WAGHOLI,SC JOHNSON PRODUCT PRIVATE LIMITED - BHIWANDI,ROHITS SUPPLY AND LOGISTICS,,TBB,Cartons,,ELECTRONIC GOODS,BHIN0000181,147808,25,285,305,2935.62,SC JOHNSON PRODUCT PRIVATE LIMITED - BHIWANDI,,0,5/26/2020 1:09:40 PM,19BHD0007151,16BHD1703143,,
2880509,22/04/2020,BHIWANDI,BHIWANDI      ,PUNE,,,WAGHOLI,SC JOHNSON PRODUCT PRIVATE LIMITED - BHIWANDI,SHARDA TRADING COMPANY,,TBB,Cartons,,ELECTRONIC GOODS,BHIN0000172,43013,3,46,49,678.03,SC JOHNSON PRODUCT PRIVATE LIMITED - BHIWANDI,,0,5/26/2020 1:09:40 PM,19BHD0007151,16BHD1703143,,
2880510,22/04/2020,BHIWANDI,BHIWANDI      ,PUNE,,,WAGHOLI,SC JOHNSON PRODUCT PRIVATE LIMITED - BHIWANDI,RATAN TRADERS PUNE,,TBB,Cartons,,ELECTRONIC GOODS,BHIN0000168,46753,5,70,75,893.51,SC JOHNSON PRODUCT PRIVATE LIMITED - BHIWANDI,,0,5/26/2020 1:09:40 PM,19BHD0007151,16BHD1703143,,
2880511,22/04/2020,BHIWANDI,BHIWANDI      ,AHMEDNAGAR,,,AHMEDNAGAR,SC JOHNSON PRODUCT PRIVATE LIMITED - BHIWANDI,KEVAL AGENCIES AHM,,TBB,Cartons,,ELECTRONIC GOODS,BHIN0000177,83299,5,78,85,1046.6,SC JOHNSON PRODUCT PRIVATE LIMITED - BHIWANDI,,0,5/26/2020 1:09:40 PM,19BHD0007151,16BHD1703143,,
2880512,22/04/2020,BHIWANDI,BHIWANDI      ,AHMEDNAGAR,,,AHMEDNAGAR,SC JOHNSON PRODUCT PRIVATE LIMITED - BHIWANDI,NIRMAL GENRAL STORE,,TBB,Cartons,,ELECTRONIC GOODS,BHIN0000184,100987,6,94,102,1217.97,SC JOHNSON PRODUCT PRIVATE LIMITED - BHIWANDI,,0,5/26/2020 1:09:40 PM,19BHD0007151,16BHD1703143,,
2880513,22/04/2020,BHIWANDI,BHIWANDI      ,JALGAON 01,,,JALGAON,SC JOHNSON PRODUCT PRIVATE LIMITED - BHIWANDI,INDER SALES,,TBB,Cartons,,ELECTRONIC GOODS,BHIN182,185168,25,263,282,2826.34,SC JOHNSON PRODUCT PRIVATE LIMITED - BHIWANDI,,0,5/26/2020 1:09:40 PM,19BHD0007152,16BHD1703143,,
2880514,22/04/2020,BHIWANDI,BHIWANDI      ,YAVATMAL      ,,,NAGPUR,SC JOHNSON PRODUCT PRIVATE LIMITED - BHIWANDI,SUNDER MARKETING,,TBB,Cartons,,ELECTRONIC GOODS,BHIN0000178,33662,2,32,34,539.32,SC JOHNSON PRODUCT PRIVATE LIMITED - BHIWANDI,,0,5/26/2020 1:09:40 PM,19BHD0007151,16BHD1703143,,
2880515,22/04/2020,BHIWANDI,BHIWANDI      ,AMRAVATI,,,AMRAVATI,SC JOHNSON PRODUCT PRIVATE LIMITED - BHIWANDI,RAJ GENRAL AGENCIES AMRAVATI,,TBB,Cartons,,ELECTRONIC GOODS,BHIN0000189,102234,9,107,117,1340.47,SC JOHNSON PRODUCT PRIVATE LIMITED - BHIWANDI,,0,5/26/2020 1:09:40 PM,19BHD0007151,16BHD1703143,,
2880516,22/04/2020,BHIWANDI,BHIWANDI      ,AURANGABAD,,,AURANGABAD,SC JOHNSON PRODUCT PRIVATE LIMITED - BHIWANDI,OM SAI SALES CORP AURANGABAD,,TBB,Cartons,,ELECTRONIC GOODS,BHIN0000169,49247,3,46,50,698.49,SC JOHNSON PRODUCT PRIVATE LIMITED - BHIWANDI,,0,5/26/2020 1:09:40 PM,19BHD0007151,16BHD1703143,,
2880517,22/04/2020,BHIWANDI,BHIWANDI      ,NANDED,,,AHMEDNAGAR,SC JOHNSON PRODUCT PRIVATE LIMITED - BHIWANDI,DEVI AGENCIES,,TBB,Cartons,,ELECTRONIC GOODS,BHIN0000173,166688,32,413,430,3973.38,SC JOHNSON PRODUCT PRIVATE LIMITED - BHIWANDI,,0,5/26/2020 1:09:40 PM,19BHD0007153,16BHD1703144,,
2880518,22/04/2020,BHIWANDI,BHIWANDI      ,BHIWANDI,,,BHIWANDI,SC JOHNSON PRODUCT PRIVATE LIMITED - BHIWANDI,MAHADEV AGENCIES,,TBB,Cartons,,ELECTRONIC GOODS,BHIN0000180,60921,50,757,804,6753.84,SC JOHNSON PRODUCT PRIVATE LIMITED - BHIWANDI,,0,5/26/2020 1:09:40 PM,,,,
2880519,22/04/2020,BHIWANDI,BHIWANDI      ,WAGHOLI,,,WAGHOLI,SC JOHNSON PRODUCT PRIVATE LIMITED - BHIWANDI,MORE RETAIL LTD.,,TBB,Cartons,,ELECTRONIC GOODS,BHIN0000190,214983,41,294,322,3205.97,SC JOHNSON PRODUCT PRIVATE LIMITED - BHIWANDI,,0,5/26/2020 1:09:40 PM,19BHD0007151,16BHD1703143,,
2880520,22/04/2020,BHIWANDI,BHIWANDI      ,WAGHOLI,,,WAGHOLI,SC JOHNSON PRODUCT PRIVATE LIMITED - BHIWANDI,MORE RETAIL LTD.,,TBB,Cartons,,ELECTRONIC GOODS,BHIN0000191,33407,8,119,127,1282.81,SC JOHNSON PRODUCT PRIVATE LIMITED - BHIWANDI,,0,5/26/2020 1:09:40 PM,19BHD0007151,16BHD1703143,,
2880521,24/04/2020,BHIWANDI,BHIWANDI      ,dombivali,,,BHIWANDI,SC JOHNSON PRODUCT PRIVATE LIMITED - BHIWANDI,SEFALI DISTRIBUTORS,,TBB,Cartons,,ELECTRONIC GOODS,BHIN0000208,97763,17,219,234,2267.53,SC JOHNSON PRODUCT PRIVATE LIMITED - BHIWANDI,,0,5/26/2020 1:09:40 PM,,,,
2880522,23/04/2020,BHIWANDI,BHIWANDI      ,TALEGAON,,,WAGHOLI,SC JOHNSON PRODUCT PRIVATE LIMITED - BHIWANDI,PRANAV ENTERPRISES,,TBB,Cartons,,ELECTRONIC GOODS,BHIN0000201,15273,3,36,39,542.55,SC JOHNSON PRODUCT PRIVATE LIMITED - BHIWANDI,,0,5/26/2020 1:09:40 PM,19BHD0007153,16BHD1703144,,
2880523,23/04/2020,BHIWANDI,BHIWANDI      ,PUNE,,,WAGHOLI,SC JOHNSON PRODUCT PRIVATE LIMITED - BHIWANDI,VISHNU DISTRIBUTERS PUNE,,TBB,Cartons,,ELECTRONIC GOODS,BHIN0000203,103262,17,195,213,2110.52,SC JOHNSON PRODUCT PRIVATE LIMITED - BHIWANDI,,0,5/26/2020 1:09:40 PM,19BHD0007153,16BHD1703144,,
2880524,23/04/2020,BHIWANDI,BHIWANDI      ,PUNE,,,WAGHOLI,SC JOHNSON PRODUCT PRIVATE LIMITED - BHIWANDI,VISHNU DISTRIBUTERS PUNE,,TBB,Cartons,,ELECTRONIC GOODS,BHIN0000207,117818,7,110,119,1387.64,SC JOHNSON PRODUCT PRIVATE LIMITED - BHIWANDI,,0,5/26/2020 1:09:40 PM,19BHD0007153,16BHD1703144,,
2880525,23/04/2020,BHIWANDI,BHIWANDI      ,PUNE,,,WAGHOLI,SC JOHNSON PRODUCT PRIVATE LIMITED - BHIWANDI,SHREE BALAJI DISTRIBUTORS PUN,,TBB,Cartons,,ELECTRONIC GOODS,BHIN0000205,391608,32,453,490,4903.22,SC JOHNSON PRODUCT PRIVATE LIMITED - BHIWANDI,,0,5/26/2020 1:09:40 PM,19BHD0007153,16BHD1703144,,
2880526,23/04/2020,BHIWANDI,BHIWANDI      ,TALEGAON,,,WAGHOLI,SC JOHNSON PRODUCT PRIVATE LIMITED - BHIWANDI,PRANAV ENTERPRISES,,TBB,Cartons,,ELECTRONIC GOODS,BHIN0000206,50494,3,47,51,708.99,SC JOHNSON PRODUCT PRIVATE LIMITED - BHIWANDI,,0,5/26/2020 1:09:40 PM,19BHD0007153,16BHD1703144,,
2880527,23/04/2020,BHIWANDI,BHIWANDI      ,SATARA,,,SATARA,SC JOHNSON PRODUCT PRIVATE LIMITED - BHIWANDI,ISHWAR AGENCY SATARA,,TBB,Cartons,,ELECTRONIC GOODS,BHIN0000202,66784,12,87,95,1093.57,SC JOHNSON PRODUCT PRIVATE LIMITED - BHIWANDI,,0,5/26/2020 1:09:40 PM,19BHD0007153,16BHD1703144,,
2880528,23/04/2020,BHIWANDI,BHIWANDI      ,NANDED,,,AHMEDNAGAR,SC JOHNSON PRODUCT PRIVATE LIMITED - BHIWANDI,SHREE SWAMI SAMARTH GENERAL AGENCY,,TBB,Cartons,,ELECTRONIC GOODS,BHIN000193,166598,10,10,10,1033.2,SC JOHNSON PRODUCT PRIVATE LIMITED - BHIWANDI,,0,5/26/2020 1:09:40 PM,19BHD0007153,16BHD1703144,,
2880529,23/04/2020,BHIWANDI,BHIWANDI      ,YAVATMAL      ,,,NAGPUR,SC JOHNSON PRODUCT PRIVATE LIMITED - BHIWANDI,SUNDER MARKETING,,TBB,Cartons,,ELECTRONIC GOODS,BHIN0000194,33662,2,32,34,539.32,SC JOHNSON PRODUCT PRIVATE LIMITED - BHIWANDI,,0,5/26/2020 1:09:40 PM,19BHD0007153,16BHD1703144,,
2880530,23/04/2020,BHIWANDI,BHIWANDI      ,BHIWANDI,,,BHIWANDI,SC JOHNSON PRODUCT PRIVATE LIMITED - BHIWANDI,TRENT HYPERMARKET PVT LTD BWD,,TBB,Cartons,,ELECTRONIC GOODS,BHIN0000200,16233,6,48,51,640.47,SC JOHNSON PRODUCT PRIVATE LIMITED - BHIWANDI,,0,5/26/2020 1:09:40 PM,,,,
2880531,23/04/2020,BHIWANDI,BHIWANDI      ,BHIWANDI,,,BHIWANDI,SC JOHNSON PRODUCT PRIVATE LIMITED - BHIWANDI,TRENT HYPERMARKET PVT LTD BWD,,TBB,Cartons,,ELECTRONIC GOODS,BHIN0000209,226979,29,284,303,3077.96,SC JOHNSON PRODUCT PRIVATE LIMITED - BHIWANDI,,0,5/26/2020 1:09:40 PM,,,,
2880532,23/04/2020,BHIWANDI,BHIWANDI      ,PANVEL,,,BHIWANDI,SC JOHNSON PRODUCT PRIVATE LIMITED - BHIWANDI,SHREE KRISHNA TRADERS PANVEL,,TBB,Cartons,,ELECTRONIC GOODS,BHIN0000129,41900,6,87,91,1011.8,SC JOHNSON PRODUCT PRIVATE LIMITED - BHIWANDI,,0,5/26/2020 1:09:40 PM,,,,
2880533,23/04/2020,BHIWANDI,BHIWANDI      ,ANDHERI      ,,,BHANDUP,SC JOHNSON PRODUCT PRIVATE LIMITED - BHIWANDI,SHREE MAHAVEER DISTRIBUTORS,,TBB,Cartons,,ELECTRONIC GOODS,BHIN0000204,191688,15,220,236,2471.38,SC JOHNSON PRODUCT PRIVATE LIMITED - BHIWANDI,,0,5/26/2020 1:09:40 PM,19BHD0007154,16BHD1703145,,
2880534,23/04/2020,BHIWANDI,BHIWANDI      ,BORIVALI,,,BHANDUP,SC JOHNSON PRODUCT PRIVATE LIMITED - BHIWANDI,METRO CASH & CARRY INDIA LTD MUMBAI,,TBB,Cartons,,ELECTRONIC GOODS,BHIN0000195,4631,1,13,14,709.26,SC JOHNSON PRODUCT PRIVATE LIMITED - BHIWANDI,,0,5/26/2020 1:09:40 PM,19BHD0007154,16BHD1703145,,
2880535,23/04/2020,BHIWANDI,BHIWANDI      ,BORIVALI,,,BHANDUP,SC JOHNSON PRODUCT PRIVATE LIMITED - BHIWANDI,METRO CASH & CARRY INDIA LTD MUMBAI,,TBB,Cartons,,ELECTRONIC GOODS,BHIN0000198,19451,2,28,30,478.9,SC JOHNSON PRODUCT PRIVATE LIMITED - BHIWANDI,,0,5/26/2020 1:09:40 PM,19BHD0007154,16BHD1703145,,
2880536,23/04/2020,BHIWANDI,BHIWANDI      ,BORIVALI,,,BHANDUP,SC JOHNSON PRODUCT PRIVATE LIMITED - BHIWANDI,METRO CASH & CARRY INDIA LTD MUMBAI,,TBB,Cartons,,ELECTRONIC GOODS,BHIN0000196,25832,3,39,43,595.66,SC JOHNSON PRODUCT PRIVATE LIMITED - BHIWANDI,,0,5/26/2020 1:09:40 PM,19BHD0007154,16BHD1703145,,
2880537,23/04/2020,BHIWANDI,BHIWANDI      ,BORIVALI,,,BHANDUP,SC JOHNSON PRODUCT PRIVATE LIMITED - BHIWANDI,METRO CASH & CARRY INDIA LTD MUMBAI,,TBB,Cartons,,ELECTRONIC GOODS,BHIN0000192,686372,70,959,1030,9812.74,SC JOHNSON PRODUCT PRIVATE LIMITED - BHIWANDI,,0,5/26/2020 1:09:40 PM,19BHD0007154,16BHD1703145,,
2880538,23/04/2020,BHIWANDI,BHIWANDI      ,PUNE,,,WAGHOLI,SC JOHNSON PRODUCT PRIVATE LIMITED - BHIWANDI,RELIANCE RETAIL LTD PUNE,,TBB,Cartons,,ELECTRONIC GOODS,BHIN0000211,138903,12,182,199,2069.81,SC JOHNSON PRODUCT PRIVATE LIMITED - BHIWANDI,,0,5/26/2020 1:09:40 PM,19BHD0007153,16BHD1703144,,
2880539,23/04/2020,BHIWANDI,BHIWANDI      ,PUNE,,,WAGHOLI,SC JOHNSON PRODUCT PRIVATE LIMITED - BHIWANDI,RELIANCE RETAIL LTD PUNE,,TBB,Cartons,,ELECTRONIC GOODS,BHIN0000212,34862,5,58,63,773.72,SC JOHNSON PRODUCT PRIVATE LIMITED - BHIWANDI,,0,5/26/2020 1:09:40 PM,19BHD0007153,16BHD1703144,,
2880540,23/04/2020,BHIWANDI,BHIWANDI      ,PUNE,,,WAGHOLI,SC JOHNSON PRODUCT PRIVATE LIMITED - BHIWANDI,ROHITS SUPPLY AND LOGISTICS,,TBB,Cartons,,ELECTRONIC GOODS,BHIN0000210,697852,432,5804,6203,51219.7,SC JOHNSON PRODUCT PRIVATE LIMITED - BHIWANDI,,0,5/26/2020 1:09:40 PM,,,,
2880541,23/04/2020,BHIWANDI,BHIWANDI      ,BHANDUP,,,BHANDUP,SC JOHNSON PRODUCT PRIVATE LIMITED - BHIWANDI,METRO CASH & CARRY INDIA PVT LTD BHANDUP,,TBB,Cartons,,ELECTRONIC GOODS,BHIN0000214,706492,75,1008,1084,10284.98,SC JOHNSON PRODUCT PRIVATE LIMITED - BHIWANDI,,0,5/26/2020 1:09:40 PM,19BHD0007154,16BHD1703145,,
2880542,23/04/2020,BHIWANDI,BHIWANDI      ,BORIVALI,,,BHANDUP,SC JOHNSON PRODUCT PRIVATE LIMITED - BHIWANDI,METRO CASH & CARRY INDIA LTD MUMBAI,,TBB,Cartons,,ELECTRONIC GOODS,BHIN0000215,74377,12,163,175,1748.75,SC JOHNSON PRODUCT PRIVATE LIMITED - BHIWANDI,,0,5/26/2020 1:09:40 PM,19BHD0007154,16BHD1703145,,
2902153,21/04/2020,BHIWANDI,BHIWANDI      ,BHIWANDI,,,BHIWANDI,SC JOHNSON PRODUCT PRIVATE LIMITED - BHIWANDI,TRENT HYPERMARKET PVT LTD BWD,,TBB,Cartons,,ELECTRONIC GOODS,BHIIN0000165,60290,11,99,109,1192.58,SC JOHNSON PRODUCT PRIVATE LIMITED - BHIWANDI,,0,5/26/2020 1:09:40 PM,,,,
2902154,20/04/2020,BHIWANDI,BHIWANDI      ,PUNE,,,WAGHOLI,SC JOHNSON PRODUCT PRIVATE LIMITED - BHIWANDI,ROHIT S SUPPLY AND LOGISTICS PUNE,,TBB,Cartons,,E GOODS,BHIIN0000158,163164,122,1734,1601,13334.33,SC JOHNSON PRODUCT PRIVATE LIMITED - BHIWANDI,,0,5/26/2020 1:09:40 PM,19BHD0007150,16BHD1703142,,
2902155,21/04/2020,BHIWANDI,BHIWANDI      ,BHIWANDI,,,BHIWANDI,SC JOHNSON PRODUCT PRIVATE LIMITED - BHIWANDI,TRENT HYPERMARKET PVT LTD BWD,,TBB,Cartons,,ELECTRONIC GOODS,BHIIN0000166,18905,4,44,46,605.81,SC JOHNSON PRODUCT PRIVATE LIMITED - BHIWANDI,,0,5/26/2020 1:09:40 PM,,,,
2902156,20/04/2020,BHIWANDI,BHIWANDI      ,PUNE,,,WAGHOLI,SC JOHNSON PRODUCT PRIVATE LIMITED - BHIWANDI,RATAN TRADERS PUNE,,TBB,Cartons,,E GOODS,BHIIN0000148,40208,30,455,483,4144.42,SC JOHNSON PRODUCT PRIVATE LIMITED - BHIWANDI,,0,5/26/2020 1:09:40 PM,19BHD0007150,16BHD1703142,,
2902157,20/04/2020,BHIWANDI,BHIWANDI      ,PUNE,,,WAGHOLI,SC JOHNSON PRODUCT PRIVATE LIMITED - BHIWANDI,VISHNU DISTRIBUTERS PUNE,,TBB,Cartons,,E GOODS,BHIIN0000150,40208,30,455,483,4144.42,SC JOHNSON PRODUCT PRIVATE LIMITED - BHIWANDI,,0,5/26/2020 1:09:40 PM,19BHD0007150,16BHD1703142,,
2902158,20/04/2020,BHIWANDI,BHIWANDI      ,AKOLA      ,,,AKOLA,SC JOHNSON PRODUCT PRIVATE LIMITED - BHIWANDI,N V MARKETING AKOLA,,TBB,Cartons,,E GOODS,BHIIN0000160,123429,8,122,132,1502.86,SC JOHNSON PRODUCT PRIVATE LIMITED - BHIWANDI,,0,5/26/2020 1:09:40 PM,19BHD0007150,16BHD1703142,,
2902159,20/04/2020,BHIWANDI,BHIWANDI      ,KOLHAPUR      ,,,KOLHAPUR,SC JOHNSON PRODUCT PRIVATE LIMITED - BHIWANDI,SHREE AGENCIES,,TBB,Cartons,,E GOODS,BHIIN0000157,40208,4,48,53,704.42,SC JOHNSON PRODUCT PRIVATE LIMITED - BHIWANDI,,0,5/26/2020 1:09:40 PM,19BHD0007150,16BHD1703142,,
2902160,20/04/2020,BHIWANDI,BHIWANDI      ,JALGAON 01,,,JALGAON,SC JOHNSON PRODUCT PRIVATE LIMITED - BHIWANDI,MAHESH ENTERPRISES JALGAON,,TBB,Cartons,,E GOODS,BHIIN0000091,244560,38,535,573,5273.12,SC JOHNSON PRODUCT PRIVATE LIMITED - BHIWANDI,,0,5/26/2020 1:09:40 PM,19BHD0007150,16BHD1703142,,
2902161,20/04/2020,BHIWANDI,BHIWANDI      ,YAVATMAL      ,,,NAGPUR,SC JOHNSON PRODUCT PRIVATE LIMITED - BHIWANDI,SUNDER MARKETING,,TBB,Cartons,,E GOODS,BHIIN0000149,62753,44,574,622,5301.51,SC JOHNSON PRODUCT PRIVATE LIMITED - BHIWANDI,,0,5/26/2020 1:09:40 PM,19BHD0007150,16BHD1703142,,
2902162,20/04/2020,BHIWANDI,BHIWANDI      ,JALNA      ,,,AURANGABAD,SC JOHNSON PRODUCT PRIVATE LIMITED - BHIWANDI,ARIHANT DISTRIBUTORS,,TBB,Cartons,,E GOODS,BHIIN0000130,62403,10,130,136,1412.81,SC JOHNSON PRODUCT PRIVATE LIMITED - BHIWANDI,,0,5/26/2020 1:09:40 PM,19BHD0007150,16BHD1703142,,
2902163,20/04/2020,BHIWANDI,BHIWANDI      ,NAGPUR,,,NAGPUR,SC JOHNSON PRODUCT PRIVATE LIMITED - BHIWANDI,AMANI SALES CORPORATION,,TBB,Cartons,,E GOODS,BHIIN0000147,80661,64,830,891,7489.32,SC JOHNSON PRODUCT PRIVATE LIMITED - BHIWANDI,,0,5/26/2020 1:09:40 PM,19BHD0007150,16BHD1703142,,
2902164,20/04/2020,BHIWANDI,BHIWANDI      ,GOA,,,GOA,SC JOHNSON PRODUCT PRIVATE LIMITED - BHIWANDI,PADMAVATI AGENCIES GOA,,,TBB,Cartons,,E GOODS,BHIIN0000153,194187,64,664,626,5596.37,SC JOHNSON PRODUCT PRIVATE LIMITED - BHIWANDI,,0,5/26/2020 1:09:40 PM,19BHD0007150,16BHD1703142,,
2902165,20/04/2020,BHIWANDI,BHIWANDI      ,GOA,,,GOA,SC JOHNSON PRODUCT PRIVATE LIMITED - BHIWANDI,PADMAVATI AGENCIES GOA,,,TBB,Cartons,,E GOODS,BHIIN0000156,17246,13,197,209,1906.49,SC JOHNSON PRODUCT PRIVATE LIMITED - BHIWANDI,,0,5/26/2020 1:09:40 PM,19BHD0007150,16BHD1703142,,
2902166,21/04/2020,BHIWANDI,BHIWANDI      ,BHIWANDI,,,BHIWANDI,SC JOHNSON PRODUCT PRIVATE LIMITED - BHIWANDI,RELIANCE RETAIL LTD BHIWANDI,,TBB,Cartons,,ELECTRONIC GOODS,BHIIN0000135,85754,22,210,237,2267.51,SC JOHNSON PRODUCT PRIVATE LIMITED - BHIWANDI,,0,5/26/2020 1:09:40 PM,,,,
2902167,21/04/2020,BHIWANDI,BHIWANDI      ,bhiwandi,,,BHIWANDI,SC JOHNSON PRODUCT PRIVATE LIMITED - BHIWANDI,RELIANCE RETAIL LTD BHIWANDI,,TBB,Cartons,,ELECTRONIC GOODS,BHIIN0000134,92051,10,155,167,1720.1,SC JOHNSON PRODUCT PRIVATE LIMITED - BHIWANDI,,0,5/26/2020 1:09:40 PM,,,,
2902168,02/04/2020,BHIWANDI,BHIWANDI      ,ROOPCHAND GALAXY,,,BHIWANDI,SC JOHNSON PRODUCT PRIVATE LIMITED - BHIWANDI,TRENT HYPERMARKET PVT LTD (SC JOHNSON),,TBB,Cartons,,S GOODS,BHIIN0000003/05/06/07/08/09,148950,29,262,262,2593.9,SC JOHNSON PRODUCT PRIVATE LIMITED - BHIWANDI,,0,5/26/2020 1:09:40 PM,,,,
2902204,29/04/2020,BHIWANDI,BHIWANDI      ,BHIWANDI,,,BHIWANDI,SC JOHNSON PRODUCT PRIVATE LIMITED - BHIWANDI,MALTI ENTERPRISES  THANE,,TBB,Cartons,,ELECTRONIC GOODS,BHIN0000245,74805,5,76,82,1005.61,SC JOHNSON PRODUCT PRIVATE LIMITED - BHIWANDI,,0,5/26/2020 1:09:40 PM,,,,
2902205,29/04/2020,BHIWANDI,BHIWANDI      ,PANVEL,,,BHIWANDI,SC JOHNSON PRODUCT PRIVATE LIMITED - BHIWANDI,CHANDRA AGENCY PANVEL,,TBB,Cartons,,ELECTRONIC GOODS,BHIN0000260,78250,21,207,225,2156.5,SC JOHNSON PRODUCT PRIVATE LIMITED - BHIWANDI,,0,5/26/2020 1:09:40 PM,,,,
2902206,29/04/2020,BHIWANDI,BHIWANDI      ,VASHI STATION,,,BHIWANDI,SC JOHNSON PRODUCT PRIVATE LIMITED - BHIWANDI,JALARAM & SONS VASHI,,TBB,Cartons,,ELECTRONIC GOODS,BHIN0000255,55481,6,93,101,1118.96,SC JOHNSON PRODUCT PRIVATE LIMITED - BHIWANDI,,0,5/26/2020 1:09:40 PM,,,,
2902207,29/04/2020,BHIWANDI,BHIWANDI      ,PANVEL,,,BHIWANDI,SC JOHNSON PRODUCT PRIVATE LIMITED - BHIWANDI,SHREE KRISHNA TRADERS PANVEL,,TBB,Cartons,,ELECTRONIC GOODS,BHIN0000254,18305,2,31,34,508.61,SC JOHNSON PRODUCT PRIVATE LIMITED - BHIWANDI,,0,5/26/2020 1:09:40 PM,,,,
2902208,29/04/2020,BHIWANDI,BHIWANDI      ,dombivali,,,BHIWANDI,SC JOHNSON PRODUCT PRIVATE LIMITED - BHIWANDI,SEFALI DISTRIBUTORS,,TBB,Cartons,,ELECTRONIC GOODS,BHIN0000241,30961,4,42,46,629.92,SC JOHNSON PRODUCT PRIVATE LIMITED - BHIWANDI,,0,5/26/2020 1:09:40 PM,,,,
2902209,29/04/2020,BHIWANDI,BHIWANDI      ,NASHIK,,,BHIWANDI,SC JOHNSON PRODUCT PRIVATE LIMITED - BHIWANDI,SWAMI ENTERPRISES NSK,,TBB,Cartons,,ELECTRONIC GOODS,BHIN0000197,38645,6,84,89,989.29,SC JOHNSON PRODUCT PRIVATE LIMITED - BHIWANDI,,0,5/26/2020 1:09:40 PM,,,,
2902210,29/04/2020,BHIWANDI,BHIWANDI      ,NASHIK,,,BHIWANDI,SC JOHNSON PRODUCT PRIVATE LIMITED - BHIWANDI,SWAMI ENTERPRISES NSK,,TBB,Cartons,,ELECTRONIC GOODS,BHIN0000259,10182,2,24,26,428.36,SC JOHNSON PRODUCT PRIVATE LIMITED - BHIWANDI,,0,5/26/2020 1:09:40 PM,,,,
2902211,29/04/2020,BHIWANDI,BHIWANDI      ,NASHIK,,,BHIWANDI,SC JOHNSON PRODUCT PRIVATE LIMITED - BHIWANDI,SWAMI ENTERPRISES NSK,,TBB,Cartons,,ELECTRONIC GOODS,BHIN0000253,33258,1,6,20,766.52,SC JOHNSON PRODUCT PRIVATE LIMITED - BHIWANDI,,0,5/26/2020 1:09:40 PM,,,,
2902212,29/04/2020,BHIWANDI,BHIWANDI      ,NASHIK,,,BHIWANDI,SC JOHNSON PRODUCT PRIVATE LIMITED - BHIWANDI,RUDRA ENTERPRISES NASHIK,,TBB,Cartons,,ELECTRONIC GOODS,BHIN0000246,23609,9,125,131,1295.22,SC JOHNSON PRODUCT PRIVATE LIMITED - BHIWANDI,,0,5/26/2020 1:09:40 PM,,,,
2902213,29/04/2020,BHIWANDI,BHIWANDI      ,NASHIK,,,BHIWANDI,SC JOHNSON PRODUCT PRIVATE LIMITED - BHIWANDI,RUDRA ENTERPRISES NASHIK,,TBB,Cartons,,ELECTRONIC GOODS,BHIN0000186,82705,13,176,186,1853.41,SC JOHNSON PRODUCT PRIVATE LIMITED - BHIWANDI,,0,5/26/2020 1:09:40 PM,,,,
2902214,29/04/2020,BHIWANDI,BHIWANDI      ,NASHIK,,,BHIWANDI,SC JOHNSON PRODUCT PRIVATE LIMITED - BHIWANDI,J K & SONS NASHIK,,TBB,Cartons,,ELECTRONIC GOODS,BHIN0000252,17791,4,43,48,619.58,SC JOHNSON PRODUCT PRIVATE LIMITED - BHIWANDI,,0,5/26/2020 1:09:40 PM,,,,
2902215,29/04/2020,BHIWANDI,BHIWANDI      ,GOA,,,GOA,SC JOHNSON PRODUCT PRIVATE LIMITED - BHIWANDI,PADMAVATI AGENCIES GOA,,,TBB,Cartons,,ELECTRONIC GOODS,BHIN0000231,57178,30,428,463,4018.36,SC JOHNSON PRODUCT PRIVATE LIMITED - BHIWANDI,,0,5/26/2020 1:09:40 PM,19BHD0007156,16BHD1703147,,
2902216,29/04/2020,BHIWANDI,BHIWANDI      ,GOA,,,GOA,SC JOHNSON PRODUCT PRIVATE LIMITED - BHIWANDI,PADMAVATI AGENCIES GOA,,,TBB,Cartons,,ELECTRONIC GOODS,BHIN0000257,65673,47,682,733,6195.35,SC JOHNSON PRODUCT PRIVATE LIMITED - BHIWANDI,,0,5/26/2020 1:09:40 PM,19BHD0007156,16BHD1703147,,
2902217,29/04/2020,BHIWANDI,BHIWANDI      ,AURANGABAD,,,AURANGABAD,SC JOHNSON PRODUCT PRIVATE LIMITED - BHIWANDI,OM SAI SALES CORP AURANGABAD,,TBB,Cartons,,ELECTRONIC GOODS,BHIN0000258,15584,4,46,51,639.17,SC JOHNSON PRODUCT PRIVATE LIMITED - BHIWANDI,,0,5/26/2020 1:09:40 PM,19BHD0007156,16BHD1703147,,
2902218,29/04/2020,BHIWANDI,BHIWANDI      ,KOLHAPUR,,,KOLHAPUR,SC JOHNSON PRODUCT PRIVATE LIMITED - BHIWANDI,SHREE AGENCIES,,TBB,Cartons,,ELECTRONIC GOODS,BHIN0000225,33247,10,53,64,778.49,SC JOHNSON PRODUCT PRIVATE LIMITED - BHIWANDI,,0,5/26/2020 1:09:40 PM,19BHD0007156,16BHD1703147,,
2902219,29/04/2020,BHIWANDI,BHIWANDI      ,PUNE,,,WAGHOLI,SC JOHNSON PRODUCT PRIVATE LIMITED - BHIWANDI,RUDRAKSH DISTRIBUTOR PUNE,,TBB,Cartons,,ELECTRONIC GOODS,BHIN0000256,41039,9,123,132,1338.08,SC JOHNSON PRODUCT PRIVATE LIMITED - BHIWANDI,,0,5/26/2020 1:09:40 PM,19BHD0007156,16BHD1703147,,
2902220,29/04/2020,BHIWANDI,BHIWANDI      ,PUNE,,,WAGHOLI,SC JOHNSON PRODUCT PRIVATE LIMITED - BHIWANDI,RUDRAKSH DISTRIBUTOR PUNE,,TBB,Cartons,,ELECTRONIC GOODS,BHIN0000235,99458,25,353,376,3406.92,SC JOHNSON PRODUCT PRIVATE LIMITED - BHIWANDI,,0,5/26/2020 1:09:40 PM,19BHD0007156,16BHD1703147,,
2902221,29/04/2020,BHIWANDI,BHIWANDI      ,PUNE,,,WAGHOLI,SC JOHNSON PRODUCT PRIVATE LIMITED - BHIWANDI,RUDRAKSH DISTRIBUTOR PUNE,,TBB,Cartons,,ELECTRONIC GOODS,BHIN0000226,107546,23,237,256,2463.09,SC JOHNSON PRODUCT PRIVATE LIMITED - BHIWANDI,,0,5/26/2020 1:09:40 PM,19BHD0007156,16BHD1703147,,
2902222,29/04/2020,BHIWANDI,BHIWANDI      ,PUNE,,,WAGHOLI,SC JOHNSON PRODUCT PRIVATE LIMITED - BHIWANDI,RUDRAKSH DISTRIBUTOR PUNE,,TBB,Cartons,,ELECTRONIC GOODS,BHIN0000237,29922,2,31,33,523.84,SC JOHNSON PRODUCT PRIVATE LIMITED - BHIWANDI,,0,5/26/2020 1:09:40 PM,19BHD0007156,16BHD1703147,,
2902223,29/04/2020,BHIWANDI,BHIWANDI      ,PUNE,,,WAGHOLI,SC JOHNSON PRODUCT PRIVATE LIMITED - BHIWANDI,RATAN TRADERS PUNE,,TBB,Cartons,,ELECTRONIC GOODS,BHIN0000261,75494,16,218,233,2214.99,SC JOHNSON PRODUCT PRIVATE LIMITED - BHIWANDI,,0,5/26/2020 1:09:40 PM,19BHD0007156,16BHD1703147,,
2902224,29/04/2020,BHIWANDI,BHIWANDI      ,PUNE,,,WAGHOLI,SC JOHNSON PRODUCT PRIVATE LIMITED - BHIWANDI,MAHESH SALES,,TBB,Cartons,,ELECTRONIC GOODS,BHIN0000213,368716,65,874,933,8401.43,SC JOHNSON PRODUCT PRIVATE LIMITED - BHIWANDI,,0,5/26/2020 1:09:40 PM,19BHD0007156,16BHD1703147,,
2902225,29/04/2020,BHIWANDI,BHIWANDI      ,PUNE,,,WAGHOLI,SC JOHNSON PRODUCT PRIVATE LIMITED - BHIWANDI,MAHESH SALES,,TBB,Cartons,,ELECTRONIC GOODS,BHIN0000250,42784,16,227,243,2229.57,SC JOHNSON PRODUCT PRIVATE LIMITED - BHIWANDI,,0,5/26/2020 1:09:40 PM,19BHD0007156,16BHD1703147,,
2902226,29/04/2020,BHIWANDI,BHIWANDI      ,PUNE,,,WAGHOLI,SC JOHNSON PRODUCT PRIVATE LIMITED - BHIWANDI,MAHESH SALES,,TBB,Cartons,,ELECTRONIC GOODS,BHIN0000249,4488,3,40,45,568.98,SC JOHNSON PRODUCT PRIVATE LIMITED - BHIWANDI,,0,5/26/2020 1:09:40 PM,19BHD0007156,16BHD1703147,,
2902227,29/04/2020,BHIWANDI,BHIWANDI      ,PUNE,,,WAGHOLI,SC JOHNSON PRODUCT PRIVATE LIMITED - BHIWANDI,MAHESH SALES,,TBB,Cartons,,ELECTRONIC GOODS,BHIN0000224,10722,8,122,129,1253.44,SC JOHNSON PRODUCT PRIVATE LIMITED - BHIWANDI,,0,5/26/2020 1:09:40 PM,19BHD0007156,16BHD1703147,,
2902228,29/04/2020,BHIWANDI,BHIWANDI      ,PUNE,,,WAGHOLI,SC JOHNSON PRODUCT PRIVATE LIMITED - BHIWANDI,VISHNU DISTRIBUTERS PUNE,,TBB,Cartons,,ELECTRONIC GOODS,BHIN0000238,74805,5,76,82,1005.61,SC JOHNSON PRODUCT PRIVATE LIMITED - BHIWANDI,,0,5/26/2020 1:09:40 PM,19BHD0007156,16BHD1703147,,
2902229,29/04/2020,BHIWANDI,BHIWANDI      ,PUNE,,,WAGHOLI,SC JOHNSON PRODUCT PRIVATE LIMITED - BHIWANDI,ROHITS SUPPLY AND LOGISTICS,,TBB,Cartons,,ELECTRONIC GOODS,BHIN0000247,286807,61,778,832,7429.61,SC JOHNSON PRODUCT PRIVATE LIMITED - BHIWANDI,,0,5/26/2020 1:09:40 PM,19BHD0007156,16BHD1703147,,
2902230,29/04/2020,BHIWANDI,BHIWANDI      ,PUNE,,,WAGHOLI,SC JOHNSON PRODUCT PRIVATE LIMITED - BHIWANDI,MORE RETAIL LTD.,,TBB,Cartons,,ELECTRONIC GOODS,BHIN0000248,68786,15,152,167,1673.57,SC JOHNSON PRODUCT PRIVATE LIMITED - BHIWANDI,,0,5/26/2020 1:09:40 PM,19BHD0007156,16BHD1703147,,
2902231,29/04/2020,BHIWANDI,BHIWANDI      ,PUNE,,,WAGHOLI,SC JOHNSON PRODUCT PRIVATE LIMITED - BHIWANDI,MORE RETAIL LTD.,,TBB,Cartons,,ELECTRONIC GOODS,BHIN0000251,8352,2,30,32,472.7,SC JOHNSON PRODUCT PRIVATE LIMITED - BHIWANDI,,0,5/26/2020 1:09:40 PM,19BHD0007156,16BHD1703147,,
2902232,30/04/2020,BHIWANDI,BHIWANDI      ,MALAD,,,BHIWANDI,SC JOHNSON PRODUCT PRIVATE LIMITED - BHIWANDI,UMIYA SALES,,TBB,Cartons,,ELECTRONIC GOODS,BHIN0000270,94255,31,411,440,3908.51,SC JOHNSON PRODUCT PRIVATE LIMITED - BHIWANDI,,0,5/26/2020 1:09:40 PM,,,,
2902233,30/04/2020,BHIWANDI,BHIWANDI      ,BHIWANDI,,,BHIWANDI,SC JOHNSON PRODUCT PRIVATE LIMITED - BHIWANDI,MAHADEV AGENCIES,,TBB,Cartons,,ELECTRONIC GOODS,BHIN0000274,159292,71,1072,1138,9622.58,SC JOHNSON PRODUCT PRIVATE LIMITED - BHIWANDI,,0,5/26/2020 1:09:40 PM,,,,
2902234,30/04/2020,BHIWANDI,BHIWANDI      ,ANDHERI,,,BHIWANDI,SC JOHNSON PRODUCT PRIVATE LIMITED - BHIWANDI,SHRI SAI ARIHANT DISTRIBUTOR,,TBB,Cartons,,ELECTRONIC GOODS,BHIN0000262,187861,65,900,961,8263.72,SC JOHNSON PRODUCT PRIVATE LIMITED - BHIWANDI,,0,5/26/2020 1:09:40 PM,,,,
2902235,30/04/2020,BHIWANDI,BHIWANDI      ,ANDHERI,,,BHIWANDI,SC JOHNSON PRODUCT PRIVATE LIMITED - BHIWANDI,SHRI SAI ARIHANT DISTRIBUTOR,,TBB,Cartons,,ELECTRONIC GOODS,BHIN0000263,55481,3,44,47,686.96,SC JOHNSON PRODUCT PRIVATE LIMITED - BHIWANDI,,0,5/26/2020 1:09:40 PM,,,,
2902236,30/04/2020,BHIWANDI,BHIWANDI      ,MULUND,,,BHIWANDI,SC JOHNSON PRODUCT PRIVATE LIMITED - BHIWANDI,SANDEEP ENTERPRISES 1,,TBB,Cartons,,ELECTRONIC GOODS,BHIN0000266,11117,8,119,121,1190.23,SC JOHNSON PRODUCT PRIVATE LIMITED - BHIWANDI,,0,5/26/2020 1:09:40 PM,,,,
2902238,30/04/2020,BHIWANDI,BHIWANDI      ,GHATKOPAR,,,BHIWANDI,SC JOHNSON PRODUCT PRIVATE LIMITED - BHIWANDI,N R ENTERPRISES,,TBB,Cartons,,ELECTRONIC GOODS,BHIN0000265,70258,25,367,389,3452.52,SC JOHNSON PRODUCT PRIVATE LIMITED - BHIWANDI,,0,5/26/2020 1:09:40 PM,,,,
2902239,30/04/2020,BHIWANDI,BHIWANDI      ,NAGPUR,,,NAGPUR,SC JOHNSON PRODUCT PRIVATE LIMITED - BHIWANDI,AMANI SALES CORPORATION,,TBB,Cartons,,ELECTRONIC GOODS,BHIN0000268,94640,43,594,594,5141.28,SC JOHNSON PRODUCT PRIVATE LIMITED - BHIWANDI,,0,5/26/2020 1:09:40 PM,19BHD0007157,16BHD1703148,,
2902240,30/04/2020,BHIWANDI,BHIWANDI      ,KOLHAPUR,,,KOLHAPUR,SC JOHNSON PRODUCT PRIVATE LIMITED - BHIWANDI,SURAJ ENTERPRISES,,TBB,Cartons,,ELECTRONIC GOODS,BHIN0000273,64963,31,399,426,3737.93,SC JOHNSON PRODUCT PRIVATE LIMITED - BHIWANDI,,0,5/26/2020 1:09:40 PM,19BHD0007157,16BHD1703148,,
2902241,30/04/2020,BHIWANDI,BHIWANDI      ,PANVEL,,,BHIWANDI,SC JOHNSON PRODUCT PRIVATE LIMITED - BHIWANDI,CHANDRA AGENCY PANVEL,,TBB,Cartons,,ELECTRONIC GOODS,BHIN0000272,21668,6,63,68,787.34,SC JOHNSON PRODUCT PRIVATE LIMITED - BHIWANDI,,0,5/26/2020 1:09:40 PM,,,,
2902242,30/04/2020,BHIWANDI,BHIWANDI      ,PANVEL,,,BHIWANDI,SC JOHNSON PRODUCT PRIVATE LIMITED - BHIWANDI,SHREE KRISHNA TRADERS PANVEL,,TBB,Cartons,,ELECTRONIC GOODS,BHIN0000269,7692,3,43,46,583.38,SC JOHNSON PRODUCT PRIVATE LIMITED - BHIWANDI,,0,5/26/2020 1:09:40 PM,,,,
2902243,30/04/2020,BHIWANDI,BHIWANDI      ,BHIWANDI,,,BHIWANDI,SC JOHNSON PRODUCT PRIVATE LIMITED - BHIWANDI,TRENT HYPERMARKET PVT LTD BWD,,TBB,Cartons,,ELECTRONIC GOODS,BHIN0000264,55693,9,95,103,1135.39,SC JOHNSON PRODUCT PRIVATE LIMITED - BHIWANDI,,0,5/26/2020 1:09:40 PM,,,,
2902244,30/04/2020,BHIWANDI,BHIWANDI      ,PUNE,,,WAGHOLI,SC JOHNSON PRODUCT PRIVATE LIMITED - BHIWANDI,ROHITS SUPPLY AND LOGISTICS,,TBB,Cartons,,ELECTRONIC GOODS,BHIN0000267,622055,121,1665,1787,15740.11,SC JOHNSON PRODUCT PRIVATE LIMITED - BHIWANDI,,0,5/26/2020 1:09:40 PM,19BHD0007157,16BHD1703148,,
